design_version,run_id,implementation_hash,case_id,sublevel,variant,history_id,call_index,event,attempt_id,candidate_id,operator_version,declared_packet_hash,material_parameters_hash,configuration_hash,accepted_version_before,accepted_version_after,committed_state_hash_before,committed_state_hash_after,candidate_state_hash,persistent_state_hash_before,persistent_state_hash_after,epsilon_hex,u_hex,force_hex,epsilon_p_committed_hex,kappa_committed_hex,sigma_hex,E_alg_hex,residual_hex,tangent_hex,epsilon_p_candidate_hex,kappa_candidate_hex,residual_state_version,tangent_state_version,output_source_version,candidate_reachable_after,finite,event_valid,note
L1-D1.0,L1-MP-D1.0-REPLAY,35c44ca1df498ac517c3c9a9b8f691ee0ce8a4293f52b8a0262afce8438a62a3,MP-REF-01,L1-MP,safe_local,REFERENCE,0,BeginAttempt,reference,NA,L1-MP-1.0:safe_local,54702aff3937f0ceec933939df060c095b0b5643a7c256ed66dbd4119cd86e87,f885129dca0a3edbc8144499c1c0d07d7440c191f3ef4dfd9c6f3a552b122ba9,a76306a9f4e5c57659df452d23a66504eb26dccbe6b351390a61050242ed2b1f,0,0,f5045dd74424efe25edaaebfa84802eeba5e8ca376816835f58145764a2efc01,f5045dd74424efe25edaaebfa84802eeba5e8ca376816835f58145764a2efc01,NA,NA,NA,NA,NA,NA,0x0.0p+0,0x0.0p+0,NA,NA,NA,NA,NA,NA,NA,NA,NA,false,true,true,attempt_declared
L1-D1.0,L1-MP-D1.0-REPLAY,35c44ca1df498ac517c3c9a9b8f691ee0ce8a4293f52b8a0262afce8438a62a3,MP-REF-01,L1-MP,safe_local,REFERENCE,1,EvaluateMaterial,reference,reference_candidate,L1-MP-1.0:safe_local,e457b67e0ca860732103558ef48efe3d7bc8f129382cf67a05fe25ca55457f2b,f885129dca0a3edbc8144499c1c0d07d7440c191f3ef4dfd9c6f3a552b122ba9,a76306a9f4e5c57659df452d23a66504eb26dccbe6b351390a61050242ed2b1f,0,0,f5045dd74424efe25edaaebfa84802eeba5e8ca376816835f58145764a2efc01,f5045dd74424efe25edaaebfa84802eeba5e8ca376816835f58145764a2efc01,61564a68a7bfea9708e56702fb97d37c76160ade892865f38b7e483db12979d3,NA,NA,0x1.47ae147ae147bp-8,NA,NA,0x0.0p+0,0x0.0p+0,0x1.0000000000000p-1,0x1.9000000000000p+6,NA,NA,0x0.0p+0,0x0.0p+0,accepted:0,accepted:0,NA,false,true,true,candidate_only
L1-D1.0,L1-MP-D1.0-REPLAY,35c44ca1df498ac517c3c9a9b8f691ee0ce8a4293f52b8a0262afce8438a62a3,MP-REF-01,L1-MP,safe_local,REFERENCE,2,RejectAttempt,reference,NA,L1-MP-1.0:safe_local,71c9ef54c33b73ca2797b304b430a261fe74e881e7d33c1201f646d7380c46b4,f885129dca0a3edbc8144499c1c0d07d7440c191f3ef4dfd9c6f3a552b122ba9,a76306a9f4e5c57659df452d23a66504eb26dccbe6b351390a61050242ed2b1f,0,0,f5045dd74424efe25edaaebfa84802eeba5e8ca376816835f58145764a2efc01,f5045dd74424efe25edaaebfa84802eeba5e8ca376816835f58145764a2efc01,NA,NA,NA,NA,NA,NA,0x0.0p+0,0x0.0p+0,NA,NA,NA,NA,NA,NA,NA,NA,NA,false,true,true,candidates_invalidated
L1-D1.0,L1-MP-D1.0-REPLAY,35c44ca1df498ac517c3c9a9b8f691ee0ce8a4293f52b8a0262afce8438a62a3,MP-REF-01,L1-MP,safe_transactional,REFERENCE,0,BeginAttempt,reference,NA,L1-MP-1.0:safe_transactional,72d9b34d9cc921798527d745763dd2da2f775291c12cbd4e25169342eef3b27c,f885129dca0a3edbc8144499c1c0d07d7440c191f3ef4dfd9c6f3a552b122ba9,a76306a9f4e5c57659df452d23a66504eb26dccbe6b351390a61050242ed2b1f,0,0,f5045dd74424efe25edaaebfa84802eeba5e8ca376816835f58145764a2efc01,f5045dd74424efe25edaaebfa84802eeba5e8ca376816835f58145764a2efc01,NA,NA,NA,NA,NA,NA,0x0.0p+0,0x0.0p+0,NA,NA,NA,NA,NA,NA,NA,NA,NA,false,true,true,attempt_declared
L1-D1.0,L1-MP-D1.0-REPLAY,35c44ca1df498ac517c3c9a9b8f691ee0ce8a4293f52b8a0262afce8438a62a3,MP-REF-01,L1-MP,safe_transactional,REFERENCE,1,EvaluateMaterial,reference,reference_candidate,L1-MP-1.0:safe_transactional,808bec3dbd423e7c82967d92d94beba6924dfc16e295d879292bcfa6ebaf17aa,f885129dca0a3edbc8144499c1c0d07d7440c191f3ef4dfd9c6f3a552b122ba9,a76306a9f4e5c57659df452d23a66504eb26dccbe6b351390a61050242ed2b1f,0,0,f5045dd74424efe25edaaebfa84802eeba5e8ca376816835f58145764a2efc01,f5045dd74424efe25edaaebfa84802eeba5e8ca376816835f58145764a2efc01,61564a68a7bfea9708e56702fb97d37c76160ade892865f38b7e483db12979d3,NA,NA,0x1.47ae147ae147bp-8,NA,NA,0x0.0p+0,0x0.0p+0,0x1.0000000000000p-1,0x1.9000000000000p+6,NA,NA,0x0.0p+0,0x0.0p+0,accepted:0,accepted:0,NA,true,true,true,candidate_only
L1-D1.0,L1-MP-D1.0-REPLAY,35c44ca1df498ac517c3c9a9b8f691ee0ce8a4293f52b8a0262afce8438a62a3,MP-REF-01,L1-MP,safe_transactional,REFERENCE,2,RejectAttempt,reference,NA,L1-MP-1.0:safe_transactional,02ee2e5d13f9c925165dfed1b60740b50d965869251454ffd4dc6d3ee2e1559c,f885129dca0a3edbc8144499c1c0d07d7440c191f3ef4dfd9c6f3a552b122ba9,a76306a9f4e5c57659df452d23a66504eb26dccbe6b351390a61050242ed2b1f,0,0,f5045dd74424efe25edaaebfa84802eeba5e8ca376816835f58145764a2efc01,f5045dd74424efe25edaaebfa84802eeba5e8ca376816835f58145764a2efc01,NA,NA,NA,NA,NA,NA,0x0.0p+0,0x0.0p+0,NA,NA,NA,NA,NA,NA,NA,NA,NA,false,true,true,candidates_invalidated
L1-D1.0,L1-MP-D1.0-REPLAY,35c44ca1df498ac517c3c9a9b8f691ee0ce8a4293f52b8a0262afce8438a62a3,MP-REF-02,L1-MP,safe_local,REFERENCE,0,BeginAttempt,reference,NA,L1-MP-1.0:safe_local,58b3027436dc49c868f89f4e02b6f4d72c16a550a46eb93d8a8a95450a50ad02,f885129dca0a3edbc8144499c1c0d07d7440c191f3ef4dfd9c6f3a552b122ba9,a76306a9f4e5c57659df452d23a66504eb26dccbe6b351390a61050242ed2b1f,0,0,f5045dd74424efe25edaaebfa84802eeba5e8ca376816835f58145764a2efc01,f5045dd74424efe25edaaebfa84802eeba5e8ca376816835f58145764a2efc01,NA,NA,NA,NA,NA,NA,0x0.0p+0,0x0.0p+0,NA,NA,NA,NA,NA,NA,NA,NA,NA,false,true,true,attempt_declared
L1-D1.0,L1-MP-D1.0-REPLAY,35c44ca1df498ac517c3c9a9b8f691ee0ce8a4293f52b8a0262afce8438a62a3,MP-REF-02,L1-MP,safe_local,REFERENCE,1,EvaluateMaterial,reference,reference_candidate,L1-MP-1.0:safe_local,1e16ed6162a9d8fb81ea8c44098b6041da42f16923121875881560e6a34a841e,f885129dca0a3edbc8144499c1c0d07d7440c191f3ef4dfd9c6f3a552b122ba9,a76306a9f4e5c57659df452d23a66504eb26dccbe6b351390a61050242ed2b1f,0,0,f5045dd74424efe25edaaebfa84802eeba5e8ca376816835f58145764a2efc01,f5045dd74424efe25edaaebfa84802eeba5e8ca376816835f58145764a2efc01,c395537112dcf8649e3aebcfaf70ca4af3edd61d3628bb545c0203926ab47a7d,NA,NA,0x1.eb851eb851eb8p-6,NA,NA,0x0.0p+0,0x0.0p+0,0x1.2e8ba2e8ba2e9p+0,0x1.22e8ba2e8ba2fp+3,NA,NA,0x1.29e4129e4129ep-6,0x1.29e4129e4129ep-6,accepted:0,accepted:0,NA,false,true,true,candidate_only
L1-D1.0,L1-MP-D1.0-REPLAY,35c44ca1df498ac517c3c9a9b8f691ee0ce8a4293f52b8a0262afce8438a62a3,MP-REF-02,L1-MP,safe_local,REFERENCE,2,RejectAttempt,reference,NA,L1-MP-1.0:safe_local,11cdb887c2ff1550dcc59f1be9f23e62f522a0c167509fd7fa985f966ef67b67,f885129dca0a3edbc8144499c1c0d07d7440c191f3ef4dfd9c6f3a552b122ba9,a76306a9f4e5c57659df452d23a66504eb26dccbe6b351390a61050242ed2b1f,0,0,f5045dd74424efe25edaaebfa84802eeba5e8ca376816835f58145764a2efc01,f5045dd74424efe25edaaebfa84802eeba5e8ca376816835f58145764a2efc01,NA,NA,NA,NA,NA,NA,0x0.0p+0,0x0.0p+0,NA,NA,NA,NA,NA,NA,NA,NA,NA,false,true,true,candidates_invalidated
L1-D1.0,L1-MP-D1.0-REPLAY,35c44ca1df498ac517c3c9a9b8f691ee0ce8a4293f52b8a0262afce8438a62a3,MP-REF-02,L1-MP,safe_transactional,REFERENCE,0,BeginAttempt,reference,NA,L1-MP-1.0:safe_transactional,c0440678a3b478cc7ca59c070c11b9de812a6ae2c81e28cf3534f7489d843828,f885129dca0a3edbc8144499c1c0d07d7440c191f3ef4dfd9c6f3a552b122ba9,a76306a9f4e5c57659df452d23a66504eb26dccbe6b351390a61050242ed2b1f,0,0,f5045dd74424efe25edaaebfa84802eeba5e8ca376816835f58145764a2efc01,f5045dd74424efe25edaaebfa84802eeba5e8ca376816835f58145764a2efc01,NA,NA,NA,NA,NA,NA,0x0.0p+0,0x0.0p+0,NA,NA,NA,NA,NA,NA,NA,NA,NA,false,true,true,attempt_declared
L1-D1.0,L1-MP-D1.0-REPLAY,35c44ca1df498ac517c3c9a9b8f691ee0ce8a4293f52b8a0262afce8438a62a3,MP-REF-02,L1-MP,safe_transactional,REFERENCE,1,EvaluateMaterial,reference,reference_candidate,L1-MP-1.0:safe_transactional,3eb5e472f4d2c94c312476bfca856b574a768cf26f56daacc78b1a826a08c7b3,f885129dca0a3edbc8144499c1c0d07d7440c191f3ef4dfd9c6f3a552b122ba9,a76306a9f4e5c57659df452d23a66504eb26dccbe6b351390a61050242ed2b1f,0,0,f5045dd74424efe25edaaebfa84802eeba5e8ca376816835f58145764a2efc01,f5045dd74424efe25edaaebfa84802eeba5e8ca376816835f58145764a2efc01,c395537112dcf8649e3aebcfaf70ca4af3edd61d3628bb545c0203926ab47a7d,NA,NA,0x1.eb851eb851eb8p-6,NA,NA,0x0.0p+0,0x0.0p+0,0x1.2e8ba2e8ba2e9p+0,0x1.22e8ba2e8ba2fp+3,NA,NA,0x1.29e4129e4129ep-6,0x1.29e4129e4129ep-6,accepted:0,accepted:0,NA,true,true,true,candidate_only
L1-D1.0,L1-MP-D1.0-REPLAY,35c44ca1df498ac517c3c9a9b8f691ee0ce8a4293f52b8a0262afce8438a62a3,MP-REF-02,L1-MP,safe_transactional,REFERENCE,2,RejectAttempt,reference,NA,L1-MP-1.0:safe_transactional,8c43479dfde75adebf90bebe262e31d0cd247e73e8ada84dcd5548222649f230,f885129dca0a3edbc8144499c1c0d07d7440c191f3ef4dfd9c6f3a552b122ba9,a76306a9f4e5c57659df452d23a66504eb26dccbe6b351390a61050242ed2b1f,0,0,f5045dd74424efe25edaaebfa84802eeba5e8ca376816835f58145764a2efc01,f5045dd74424efe25edaaebfa84802eeba5e8ca376816835f58145764a2efc01,NA,NA,NA,NA,NA,NA,0x0.0p+0,0x0.0p+0,NA,NA,NA,NA,NA,NA,NA,NA,NA,false,true,true,candidates_invalidated
L1-D1.0,L1-MP-D1.0-REPLAY,35c44ca1df498ac517c3c9a9b8f691ee0ce8a4293f52b8a0262afce8438a62a3,MP-REF-03,L1-MP,safe_local,REFERENCE,0,BeginAttempt,path_attempt_1,NA,L1-MP-1.0:safe_local,c7ae4cf5365818a313ad83c0e944c3346fd051a1e3cb1c8310be1baba65b5116,f885129dca0a3edbc8144499c1c0d07d7440c191f3ef4dfd9c6f3a552b122ba9,a76306a9f4e5c57659df452d23a66504eb26dccbe6b351390a61050242ed2b1f,0,0,f5045dd74424efe25edaaebfa84802eeba5e8ca376816835f58145764a2efc01,f5045dd74424efe25edaaebfa84802eeba5e8ca376816835f58145764a2efc01,NA,NA,NA,NA,NA,NA,0x0.0p+0,0x0.0p+0,NA,NA,NA,NA,NA,NA,NA,NA,NA,false,true,true,attempt_declared
L1-D1.0,L1-MP-D1.0-REPLAY,35c44ca1df498ac517c3c9a9b8f691ee0ce8a4293f52b8a0262afce8438a62a3,MP-REF-03,L1-MP,safe_local,REFERENCE,1,EvaluateMaterial,path_attempt_1,path_candidate_1,L1-MP-1.0:safe_local,5c1a144289f8f6fb028c415af81cf9f49d83acd6b1092d3328bd229ea1e6a42a,f885129dca0a3edbc8144499c1c0d07d7440c191f3ef4dfd9c6f3a552b122ba9,a76306a9f4e5c57659df452d23a66504eb26dccbe6b351390a61050242ed2b1f,0,0,f5045dd74424efe25edaaebfa84802eeba5e8ca376816835f58145764a2efc01,f5045dd74424efe25edaaebfa84802eeba5e8ca376816835f58145764a2efc01,d616c4b4931cbf5a182cb98195c562c4e13ddb84d8836ab7be4a41d471ffdf1f,NA,NA,0x1.eb851eb851eb8p-6,NA,NA,0x0.0p+0,0x0.0p+0,0x1.2e8ba2e8ba2e9p+0,0x1.22e8ba2e8ba2fp+3,NA,NA,0x1.29e4129e4129ep-6,0x1.29e4129e4129ep-6,accepted:0,accepted:0,NA,false,true,true,candidate_only
L1-D1.0,L1-MP-D1.0-REPLAY,35c44ca1df498ac517c3c9a9b8f691ee0ce8a4293f52b8a0262afce8438a62a3,MP-REF-03,L1-MP,safe_local,REFERENCE,2,AcceptCandidate,path_attempt_1,path_candidate_1,L1-MP-1.0:safe_local,d1525cdafd5da81f985754908f15ce2e805908c090d1fe87e0e8d48b875cd964,f885129dca0a3edbc8144499c1c0d07d7440c191f3ef4dfd9c6f3a552b122ba9,a76306a9f4e5c57659df452d23a66504eb26dccbe6b351390a61050242ed2b1f,0,1,f5045dd74424efe25edaaebfa84802eeba5e8ca376816835f58145764a2efc01,605a6a906b22eeb9d5b94d6ee765e444eb63aa75e7596ce182bf162a68050824,d616c4b4931cbf5a182cb98195c562c4e13ddb84d8836ab7be4a41d471ffdf1f,NA,NA,0x1.eb851eb851eb8p-6,NA,NA,0x0.0p+0,0x0.0p+0,0x1.2e8ba2e8ba2e9p+0,0x1.22e8ba2e8ba2fp+3,NA,NA,0x1.29e4129e4129ep-6,0x1.29e4129e4129ep-6,accepted:0,accepted:0,NA,false,true,true,accepted_once
L1-D1.0,L1-MP-D1.0-REPLAY,35c44ca1df498ac517c3c9a9b8f691ee0ce8a4293f52b8a0262afce8438a62a3,MP-REF-03,L1-MP,safe_local,REFERENCE,3,BeginAttempt,path_attempt_2,NA,L1-MP-1.0:safe_local,4781af139c83b1f71cff875b0d650b2fc4d3cf7ac295102498f5ce466ca64904,f885129dca0a3edbc8144499c1c0d07d7440c191f3ef4dfd9c6f3a552b122ba9,a76306a9f4e5c57659df452d23a66504eb26dccbe6b351390a61050242ed2b1f,1,1,605a6a906b22eeb9d5b94d6ee765e444eb63aa75e7596ce182bf162a68050824,605a6a906b22eeb9d5b94d6ee765e444eb63aa75e7596ce182bf162a68050824,NA,NA,NA,NA,NA,NA,0x1.29e4129e4129ep-6,0x1.29e4129e4129ep-6,NA,NA,NA,NA,NA,NA,NA,NA,NA,false,true,true,attempt_declared
L1-D1.0,L1-MP-D1.0-REPLAY,35c44ca1df498ac517c3c9a9b8f691ee0ce8a4293f52b8a0262afce8438a62a3,MP-REF-03,L1-MP,safe_local,REFERENCE,4,EvaluateMaterial,path_attempt_2,path_candidate_2,L1-MP-1.0:safe_local,a3306f7582fcbee9c44a76ac69db966cf46be6875e8819c4bba34524cf95853e,f885129dca0a3edbc8144499c1c0d07d7440c191f3ef4dfd9c6f3a552b122ba9,a76306a9f4e5c57659df452d23a66504eb26dccbe6b351390a61050242ed2b1f,1,1,605a6a906b22eeb9d5b94d6ee765e444eb63aa75e7596ce182bf162a68050824,605a6a906b22eeb9d5b94d6ee765e444eb63aa75e7596ce182bf162a68050824,a892e9f9cd791e20bed94dc036e9dcf2f1cdc4c87265420857a1a6c30671be4a,NA,NA,0x0.0p+0,NA,NA,0x1.29e4129e4129ep-6,0x1.29e4129e4129ep-6,-0x1.3d5af9a723f79p+0,0x1.22e8ba2e8ba2fp+3,NA,NA,0x1.9637021d9ead8p-7,0x1.88aca42db2fd0p-6,accepted:1,accepted:1,NA,false,true,true,candidate_only
L1-D1.0,L1-MP-D1.0-REPLAY,35c44ca1df498ac517c3c9a9b8f691ee0ce8a4293f52b8a0262afce8438a62a3,MP-REF-03,L1-MP,safe_local,REFERENCE,5,AcceptCandidate,path_attempt_2,path_candidate_2,L1-MP-1.0:safe_local,0a156868efff82f84318f2801698a8643f036ceb458cc72389f948332774d435,f885129dca0a3edbc8144499c1c0d07d7440c191f3ef4dfd9c6f3a552b122ba9,a76306a9f4e5c57659df452d23a66504eb26dccbe6b351390a61050242ed2b1f,1,2,605a6a906b22eeb9d5b94d6ee765e444eb63aa75e7596ce182bf162a68050824,7bc28f6eefeff4c13d5af9e660fdbbc89014ed870f4bad54b5ec3fa13fd2b3d0,a892e9f9cd791e20bed94dc036e9dcf2f1cdc4c87265420857a1a6c30671be4a,NA,NA,0x0.0p+0,NA,NA,0x1.29e4129e4129ep-6,0x1.29e4129e4129ep-6,-0x1.3d5af9a723f79p+0,0x1.22e8ba2e8ba2fp+3,NA,NA,0x1.9637021d9ead8p-7,0x1.88aca42db2fd0p-6,accepted:1,accepted:1,NA,false,true,true,accepted_once
L1-D1.0,L1-MP-D1.0-REPLAY,35c44ca1df498ac517c3c9a9b8f691ee0ce8a4293f52b8a0262afce8438a62a3,MP-REF-03,L1-MP,safe_local,REFERENCE,6,BeginAttempt,path_attempt_3,NA,L1-MP-1.0:safe_local,561137554736681a1de3fab5513f8dc60c3a661e75554eb3f5fa7c01a2b60591,f885129dca0a3edbc8144499c1c0d07d7440c191f3ef4dfd9c6f3a552b122ba9,a76306a9f4e5c57659df452d23a66504eb26dccbe6b351390a61050242ed2b1f,2,2,7bc28f6eefeff4c13d5af9e660fdbbc89014ed870f4bad54b5ec3fa13fd2b3d0,7bc28f6eefeff4c13d5af9e660fdbbc89014ed870f4bad54b5ec3fa13fd2b3d0,NA,NA,NA,NA,NA,NA,0x1.9637021d9ead8p-7,0x1.88aca42db2fd0p-6,NA,NA,NA,NA,NA,NA,NA,NA,NA,false,true,true,attempt_declared
L1-D1.0,L1-MP-D1.0-REPLAY,35c44ca1df498ac517c3c9a9b8f691ee0ce8a4293f52b8a0262afce8438a62a3,MP-REF-03,L1-MP,safe_local,REFERENCE,7,EvaluateMaterial,path_attempt_3,path_candidate_3,L1-MP-1.0:safe_local,293b1eac82a1e9c5570018454d05ce74eb52879ea5b5158689b7a791383a9c50,f885129dca0a3edbc8144499c1c0d07d7440c191f3ef4dfd9c6f3a552b122ba9,a76306a9f4e5c57659df452d23a66504eb26dccbe6b351390a61050242ed2b1f,2,2,7bc28f6eefeff4c13d5af9e660fdbbc89014ed870f4bad54b5ec3fa13fd2b3d0,7bc28f6eefeff4c13d5af9e660fdbbc89014ed870f4bad54b5ec3fa13fd2b3d0,1ef887230f41924974e54439cb1b1a9dcd57280bce50e2568378f8c075303fee,NA,NA,0x1.eb851eb851eb8p-6,NA,NA,0x1.9637021d9ead8p-7,0x1.88aca42db2fd0p-6,0x1.4978face91ca8p+0,0x1.22e8ba2e8ba2fp+3,NA,NA,0x1.18a8553e5b038p-6,0x1.d639785d3ea9cp-6,accepted:2,accepted:2,NA,false,true,true,candidate_only
L1-D1.0,L1-MP-D1.0-REPLAY,35c44ca1df498ac517c3c9a9b8f691ee0ce8a4293f52b8a0262afce8438a62a3,MP-REF-03,L1-MP,safe_local,REFERENCE,8,AcceptCandidate,path_attempt_3,path_candidate_3,L1-MP-1.0:safe_local,99e831c9fbe4442394dad840853912de55b4b4f49a45ab176970b42116578c7a,f885129dca0a3edbc8144499c1c0d07d7440c191f3ef4dfd9c6f3a552b122ba9,a76306a9f4e5c57659df452d23a66504eb26dccbe6b351390a61050242ed2b1f,2,3,7bc28f6eefeff4c13d5af9e660fdbbc89014ed870f4bad54b5ec3fa13fd2b3d0,5b258d9d81b5c8d5411b84ac6573f2bc96c8958be93da885a34ac78d57d8e023,1ef887230f41924974e54439cb1b1a9dcd57280bce50e2568378f8c075303fee,NA,NA,0x1.eb851eb851eb8p-6,NA,NA,0x1.9637021d9ead8p-7,0x1.88aca42db2fd0p-6,0x1.4978face91ca8p+0,0x1.22e8ba2e8ba2fp+3,NA,NA,0x1.18a8553e5b038p-6,0x1.d639785d3ea9cp-6,accepted:2,accepted:2,NA,false,true,true,accepted_once
L1-D1.0,L1-MP-D1.0-REPLAY,35c44ca1df498ac517c3c9a9b8f691ee0ce8a4293f52b8a0262afce8438a62a3,MP-REF-03,L1-MP,safe_transactional,REFERENCE,0,BeginAttempt,path_attempt_1,NA,L1-MP-1.0:safe_transactional,1f1667c55e18c43a225dfd03a73ad6dce41d8e414cae4ce9b42f4f69622c21c6,f885129dca0a3edbc8144499c1c0d07d7440c191f3ef4dfd9c6f3a552b122ba9,a76306a9f4e5c57659df452d23a66504eb26dccbe6b351390a61050242ed2b1f,0,0,f5045dd74424efe25edaaebfa84802eeba5e8ca376816835f58145764a2efc01,f5045dd74424efe25edaaebfa84802eeba5e8ca376816835f58145764a2efc01,NA,NA,NA,NA,NA,NA,0x0.0p+0,0x0.0p+0,NA,NA,NA,NA,NA,NA,NA,NA,NA,false,true,true,attempt_declared
L1-D1.0,L1-MP-D1.0-REPLAY,35c44ca1df498ac517c3c9a9b8f691ee0ce8a4293f52b8a0262afce8438a62a3,MP-REF-03,L1-MP,safe_transactional,REFERENCE,1,EvaluateMaterial,path_attempt_1,path_candidate_1,L1-MP-1.0:safe_transactional,45e9e5ea04e3b1228142db42c672e6103780e2845622e497bc601193b9e9ed07,f885129dca0a3edbc8144499c1c0d07d7440c191f3ef4dfd9c6f3a552b122ba9,a76306a9f4e5c57659df452d23a66504eb26dccbe6b351390a61050242ed2b1f,0,0,f5045dd74424efe25edaaebfa84802eeba5e8ca376816835f58145764a2efc01,f5045dd74424efe25edaaebfa84802eeba5e8ca376816835f58145764a2efc01,d616c4b4931cbf5a182cb98195c562c4e13ddb84d8836ab7be4a41d471ffdf1f,NA,NA,0x1.eb851eb851eb8p-6,NA,NA,0x0.0p+0,0x0.0p+0,0x1.2e8ba2e8ba2e9p+0,0x1.22e8ba2e8ba2fp+3,NA,NA,0x1.29e4129e4129ep-6,0x1.29e4129e4129ep-6,accepted:0,accepted:0,NA,true,true,true,candidate_only
L1-D1.0,L1-MP-D1.0-REPLAY,35c44ca1df498ac517c3c9a9b8f691ee0ce8a4293f52b8a0262afce8438a62a3,MP-REF-03,L1-MP,safe_transactional,REFERENCE,2,AcceptCandidate,path_attempt_1,path_candidate_1,L1-MP-1.0:safe_transactional,e10643f12a0fdc9e52f8bd9857e4db26ac159dcd0d6be36d212809d44d78515c,f885129dca0a3edbc8144499c1c0d07d7440c191f3ef4dfd9c6f3a552b122ba9,a76306a9f4e5c57659df452d23a66504eb26dccbe6b351390a61050242ed2b1f,0,1,f5045dd74424efe25edaaebfa84802eeba5e8ca376816835f58145764a2efc01,605a6a906b22eeb9d5b94d6ee765e444eb63aa75e7596ce182bf162a68050824,d616c4b4931cbf5a182cb98195c562c4e13ddb84d8836ab7be4a41d471ffdf1f,NA,NA,0x1.eb851eb851eb8p-6,NA,NA,0x0.0p+0,0x0.0p+0,0x1.2e8ba2e8ba2e9p+0,0x1.22e8ba2e8ba2fp+3,NA,NA,0x1.29e4129e4129ep-6,0x1.29e4129e4129ep-6,accepted:0,accepted:0,NA,false,true,true,accepted_once
L1-D1.0,L1-MP-D1.0-REPLAY,35c44ca1df498ac517c3c9a9b8f691ee0ce8a4293f52b8a0262afce8438a62a3,MP-REF-03,L1-MP,safe_transactional,REFERENCE,3,BeginAttempt,path_attempt_2,NA,L1-MP-1.0:safe_transactional,a3edadea795bfb469c71aa7072ec5e1814d8d92a695c6888f9de9c448e862a90,f885129dca0a3edbc8144499c1c0d07d7440c191f3ef4dfd9c6f3a552b122ba9,a76306a9f4e5c57659df452d23a66504eb26dccbe6b351390a61050242ed2b1f,1,1,605a6a906b22eeb9d5b94d6ee765e444eb63aa75e7596ce182bf162a68050824,605a6a906b22eeb9d5b94d6ee765e444eb63aa75e7596ce182bf162a68050824,NA,NA,NA,NA,NA,NA,0x1.29e4129e4129ep-6,0x1.29e4129e4129ep-6,NA,NA,NA,NA,NA,NA,NA,NA,NA,false,true,true,attempt_declared
L1-D1.0,L1-MP-D1.0-REPLAY,35c44ca1df498ac517c3c9a9b8f691ee0ce8a4293f52b8a0262afce8438a62a3,MP-REF-03,L1-MP,safe_transactional,REFERENCE,4,EvaluateMaterial,path_attempt_2,path_candidate_2,L1-MP-1.0:safe_transactional,816bde5529edb7e6452c4fd98824f7c1bf593f9ee0655f49652b98718f1e1b08,f885129dca0a3edbc8144499c1c0d07d7440c191f3ef4dfd9c6f3a552b122ba9,a76306a9f4e5c57659df452d23a66504eb26dccbe6b351390a61050242ed2b1f,1,1,605a6a906b22eeb9d5b94d6ee765e444eb63aa75e7596ce182bf162a68050824,605a6a906b22eeb9d5b94d6ee765e444eb63aa75e7596ce182bf162a68050824,a892e9f9cd791e20bed94dc036e9dcf2f1cdc4c87265420857a1a6c30671be4a,NA,NA,0x0.0p+0,NA,NA,0x1.29e4129e4129ep-6,0x1.29e4129e4129ep-6,-0x1.3d5af9a723f79p+0,0x1.22e8ba2e8ba2fp+3,NA,NA,0x1.9637021d9ead8p-7,0x1.88aca42db2fd0p-6,accepted:1,accepted:1,NA,true,true,true,candidate_only
L1-D1.0,L1-MP-D1.0-REPLAY,35c44ca1df498ac517c3c9a9b8f691ee0ce8a4293f52b8a0262afce8438a62a3,MP-REF-03,L1-MP,safe_transactional,REFERENCE,5,AcceptCandidate,path_attempt_2,path_candidate_2,L1-MP-1.0:safe_transactional,ffb07d7e32083c735725a5db5a33015821a7960f3ee19a39e84543e06c7b9700,f885129dca0a3edbc8144499c1c0d07d7440c191f3ef4dfd9c6f3a552b122ba9,a76306a9f4e5c57659df452d23a66504eb26dccbe6b351390a61050242ed2b1f,1,2,605a6a906b22eeb9d5b94d6ee765e444eb63aa75e7596ce182bf162a68050824,7bc28f6eefeff4c13d5af9e660fdbbc89014ed870f4bad54b5ec3fa13fd2b3d0,a892e9f9cd791e20bed94dc036e9dcf2f1cdc4c87265420857a1a6c30671be4a,NA,NA,0x0.0p+0,NA,NA,0x1.29e4129e4129ep-6,0x1.29e4129e4129ep-6,-0x1.3d5af9a723f79p+0,0x1.22e8ba2e8ba2fp+3,NA,NA,0x1.9637021d9ead8p-7,0x1.88aca42db2fd0p-6,accepted:1,accepted:1,NA,false,true,true,accepted_once
L1-D1.0,L1-MP-D1.0-REPLAY,35c44ca1df498ac517c3c9a9b8f691ee0ce8a4293f52b8a0262afce8438a62a3,MP-REF-03,L1-MP,safe_transactional,REFERENCE,6,BeginAttempt,path_attempt_3,NA,L1-MP-1.0:safe_transactional,ba25b869940937d3fdf777da59e0326f87b85c1c80e916ccb57ceff2f094ce02,f885129dca0a3edbc8144499c1c0d07d7440c191f3ef4dfd9c6f3a552b122ba9,a76306a9f4e5c57659df452d23a66504eb26dccbe6b351390a61050242ed2b1f,2,2,7bc28f6eefeff4c13d5af9e660fdbbc89014ed870f4bad54b5ec3fa13fd2b3d0,7bc28f6eefeff4c13d5af9e660fdbbc89014ed870f4bad54b5ec3fa13fd2b3d0,NA,NA,NA,NA,NA,NA,0x1.9637021d9ead8p-7,0x1.88aca42db2fd0p-6,NA,NA,NA,NA,NA,NA,NA,NA,NA,false,true,true,attempt_declared
L1-D1.0,L1-MP-D1.0-REPLAY,35c44ca1df498ac517c3c9a9b8f691ee0ce8a4293f52b8a0262afce8438a62a3,MP-REF-03,L1-MP,safe_transactional,REFERENCE,7,EvaluateMaterial,path_attempt_3,path_candidate_3,L1-MP-1.0:safe_transactional,b770156b8593f1e79d242742fea1286b11c5ad909b293c5685c7103de49130ab,f885129dca0a3edbc8144499c1c0d07d7440c191f3ef4dfd9c6f3a552b122ba9,a76306a9f4e5c57659df452d23a66504eb26dccbe6b351390a61050242ed2b1f,2,2,7bc28f6eefeff4c13d5af9e660fdbbc89014ed870f4bad54b5ec3fa13fd2b3d0,7bc28f6eefeff4c13d5af9e660fdbbc89014ed870f4bad54b5ec3fa13fd2b3d0,1ef887230f41924974e54439cb1b1a9dcd57280bce50e2568378f8c075303fee,NA,NA,0x1.eb851eb851eb8p-6,NA,NA,0x1.9637021d9ead8p-7,0x1.88aca42db2fd0p-6,0x1.4978face91ca8p+0,0x1.22e8ba2e8ba2fp+3,NA,NA,0x1.18a8553e5b038p-6,0x1.d639785d3ea9cp-6,accepted:2,accepted:2,NA,true,true,true,candidate_only
L1-D1.0,L1-MP-D1.0-REPLAY,35c44ca1df498ac517c3c9a9b8f691ee0ce8a4293f52b8a0262afce8438a62a3,MP-REF-03,L1-MP,safe_transactional,REFERENCE,8,AcceptCandidate,path_attempt_3,path_candidate_3,L1-MP-1.0:safe_transactional,0ba73ac4551409115c857d8d0f485ceaefd2cfdd732ecdf0a2a12119cfc1f2b6,f885129dca0a3edbc8144499c1c0d07d7440c191f3ef4dfd9c6f3a552b122ba9,a76306a9f4e5c57659df452d23a66504eb26dccbe6b351390a61050242ed2b1f,2,3,7bc28f6eefeff4c13d5af9e660fdbbc89014ed870f4bad54b5ec3fa13fd2b3d0,5b258d9d81b5c8d5411b84ac6573f2bc96c8958be93da885a34ac78d57d8e023,1ef887230f41924974e54439cb1b1a9dcd57280bce50e2568378f8c075303fee,NA,NA,0x1.eb851eb851eb8p-6,NA,NA,0x1.9637021d9ead8p-7,0x1.88aca42db2fd0p-6,0x1.4978face91ca8p+0,0x1.22e8ba2e8ba2fp+3,NA,NA,0x1.18a8553e5b038p-6,0x1.d639785d3ea9cp-6,accepted:2,accepted:2,NA,false,true,true,accepted_once
L1-D1.0,L1-MP-D1.0-REPLAY,35c44ca1df498ac517c3c9a9b8f691ee0ce8a4293f52b8a0262afce8438a62a3,MP-LC-01,L1-MP,unsafe_trial_cache,H1,0,BeginAttempt,discarded,NA,L1-MP-1.0:unsafe_trial_cache,77caa552c69b91231fca42d90693d4c977b9a18d2ff1736068d034148f3e560c,f885129dca0a3edbc8144499c1c0d07d7440c191f3ef4dfd9c6f3a552b122ba9,a76306a9f4e5c57659df452d23a66504eb26dccbe6b351390a61050242ed2b1f,0,0,f5045dd74424efe25edaaebfa84802eeba5e8ca376816835f58145764a2efc01,f5045dd74424efe25edaaebfa84802eeba5e8ca376816835f58145764a2efc01,NA,f5045dd74424efe25edaaebfa84802eeba5e8ca376816835f58145764a2efc01,f5045dd74424efe25edaaebfa84802eeba5e8ca376816835f58145764a2efc01,NA,NA,NA,0x0.0p+0,0x0.0p+0,NA,NA,NA,NA,NA,NA,NA,NA,NA,false,true,true,attempt_declared
L1-D1.0,L1-MP-D1.0-REPLAY,35c44ca1df498ac517c3c9a9b8f691ee0ce8a4293f52b8a0262afce8438a62a3,MP-LC-01,L1-MP,unsafe_trial_cache,H1,1,EvaluateMaterial,discarded,discarded_candidate_1,L1-MP-1.0:unsafe_trial_cache,ea5fd6214f53fbe1fb3aadfccebb45e605e806ce7b92ad3b71a2ec081f295f82,f885129dca0a3edbc8144499c1c0d07d7440c191f3ef4dfd9c6f3a552b122ba9,a76306a9f4e5c57659df452d23a66504eb26dccbe6b351390a61050242ed2b1f,0,0,f5045dd74424efe25edaaebfa84802eeba5e8ca376816835f58145764a2efc01,f5045dd74424efe25edaaebfa84802eeba5e8ca376816835f58145764a2efc01,8342d992a4f385082e4cb41c3f9dc9503b362111e7e58225f056d038e0f730b6,f5045dd74424efe25edaaebfa84802eeba5e8ca376816835f58145764a2efc01,ec2b723243d37a8ccf11ce761e98fcfef7eb13241d2677964ffe61c9444af127,0x1.eb851eb851eb8p-6,NA,NA,0x0.0p+0,0x0.0p+0,0x1.2e8ba2e8ba2e9p+0,0x1.22e8ba2e8ba2fp+3,NA,NA,0x1.29e4129e4129ep-6,0x1.29e4129e4129ep-6,hidden:f5045dd74424efe25edaaebfa84802eeba5e8ca376816835f58145764a2efc01,hidden:f5045dd74424efe25edaaebfa84802eeba5e8ca376816835f58145764a2efc01,NA,false,true,false,seeded_hidden_state_access
L1-D1.0,L1-MP-D1.0-REPLAY,35c44ca1df498ac517c3c9a9b8f691ee0ce8a4293f52b8a0262afce8438a62a3,MP-LC-01,L1-MP,unsafe_trial_cache,H1,2,RejectAttempt,discarded,NA,L1-MP-1.0:unsafe_trial_cache,e956ab4c5f833d8750af86c01d75de2e8355f9bd489471a4b91c971eef1a27de,f885129dca0a3edbc8144499c1c0d07d7440c191f3ef4dfd9c6f3a552b122ba9,a76306a9f4e5c57659df452d23a66504eb26dccbe6b351390a61050242ed2b1f,0,0,f5045dd74424efe25edaaebfa84802eeba5e8ca376816835f58145764a2efc01,f5045dd74424efe25edaaebfa84802eeba5e8ca376816835f58145764a2efc01,NA,ec2b723243d37a8ccf11ce761e98fcfef7eb13241d2677964ffe61c9444af127,ec2b723243d37a8ccf11ce761e98fcfef7eb13241d2677964ffe61c9444af127,NA,NA,NA,0x0.0p+0,0x0.0p+0,NA,NA,NA,NA,NA,NA,NA,NA,NA,false,true,false,seeded_cache_not_rolled_back
L1-D1.0,L1-MP-D1.0-REPLAY,35c44ca1df498ac517c3c9a9b8f691ee0ce8a4293f52b8a0262afce8438a62a3,MP-LC-01,L1-MP,unsafe_trial_cache,H1,3,BeginAttempt,replay,NA,L1-MP-1.0:unsafe_trial_cache,d0a55bce9af8e948eb286908d8f61b7f80a7da56f6586e893eecb55a5d307a92,f885129dca0a3edbc8144499c1c0d07d7440c191f3ef4dfd9c6f3a552b122ba9,a76306a9f4e5c57659df452d23a66504eb26dccbe6b351390a61050242ed2b1f,0,0,f5045dd74424efe25edaaebfa84802eeba5e8ca376816835f58145764a2efc01,f5045dd74424efe25edaaebfa84802eeba5e8ca376816835f58145764a2efc01,NA,ec2b723243d37a8ccf11ce761e98fcfef7eb13241d2677964ffe61c9444af127,ec2b723243d37a8ccf11ce761e98fcfef7eb13241d2677964ffe61c9444af127,NA,NA,NA,0x0.0p+0,0x0.0p+0,NA,NA,NA,NA,NA,NA,NA,NA,NA,false,true,true,attempt_declared
L1-D1.0,L1-MP-D1.0-REPLAY,35c44ca1df498ac517c3c9a9b8f691ee0ce8a4293f52b8a0262afce8438a62a3,MP-LC-01,L1-MP,unsafe_trial_cache,H1,4,EvaluateMaterial,replay,replay_candidate,L1-MP-1.0:unsafe_trial_cache,6e807c08195ffe1a94d8a119a0ee51b3e1facc7706b6e5894b2f0a82eea8d63c,f885129dca0a3edbc8144499c1c0d07d7440c191f3ef4dfd9c6f3a552b122ba9,a76306a9f4e5c57659df452d23a66504eb26dccbe6b351390a61050242ed2b1f,0,0,f5045dd74424efe25edaaebfa84802eeba5e8ca376816835f58145764a2efc01,f5045dd74424efe25edaaebfa84802eeba5e8ca376816835f58145764a2efc01,760542f14367105cbb804a6a12835001b717e3ba92c4464adbc4c3597d07083f,ec2b723243d37a8ccf11ce761e98fcfef7eb13241d2677964ffe61c9444af127,52b5be411565a32bf1dbb09c53dff2803297c25d091f109da58d06e58c0b7c59,0x1.47ae147ae147bp-8,NA,NA,0x0.0p+0,0x0.0p+0,-0x1.31b810ecf56bfp+0,0x1.22e8ba2e8ba2fp+3,NA,NA,0x1.159485b65fa14p-6,0x1.3e339f8622b28p-6,hidden:ec2b723243d37a8ccf11ce761e98fcfef7eb13241d2677964ffe61c9444af127,hidden:ec2b723243d37a8ccf11ce761e98fcfef7eb13241d2677964ffe61c9444af127,NA,false,true,false,seeded_hidden_state_access
L1-D1.0,L1-MP-D1.0-REPLAY,35c44ca1df498ac517c3c9a9b8f691ee0ce8a4293f52b8a0262afce8438a62a3,MP-LC-01,L1-MP,unsafe_trial_cache,H1,5,RejectAttempt,replay,NA,L1-MP-1.0:unsafe_trial_cache,fb3f36ab083f382cb6fcae3492154871e65d98987efb5a7c43758692441a621f,f885129dca0a3edbc8144499c1c0d07d7440c191f3ef4dfd9c6f3a552b122ba9,a76306a9f4e5c57659df452d23a66504eb26dccbe6b351390a61050242ed2b1f,0,0,f5045dd74424efe25edaaebfa84802eeba5e8ca376816835f58145764a2efc01,f5045dd74424efe25edaaebfa84802eeba5e8ca376816835f58145764a2efc01,NA,52b5be411565a32bf1dbb09c53dff2803297c25d091f109da58d06e58c0b7c59,52b5be411565a32bf1dbb09c53dff2803297c25d091f109da58d06e58c0b7c59,NA,NA,NA,0x0.0p+0,0x0.0p+0,NA,NA,NA,NA,NA,NA,NA,NA,NA,false,true,false,seeded_cache_not_rolled_back
L1-D1.0,L1-MP-D1.0-REPLAY,35c44ca1df498ac517c3c9a9b8f691ee0ce8a4293f52b8a0262afce8438a62a3,MP-LC-01,L1-MP,unsafe_trial_cache,H2,0,BeginAttempt,replay,NA,L1-MP-1.0:unsafe_trial_cache,d0a55bce9af8e948eb286908d8f61b7f80a7da56f6586e893eecb55a5d307a92,f885129dca0a3edbc8144499c1c0d07d7440c191f3ef4dfd9c6f3a552b122ba9,a76306a9f4e5c57659df452d23a66504eb26dccbe6b351390a61050242ed2b1f,0,0,f5045dd74424efe25edaaebfa84802eeba5e8ca376816835f58145764a2efc01,f5045dd74424efe25edaaebfa84802eeba5e8ca376816835f58145764a2efc01,NA,f5045dd74424efe25edaaebfa84802eeba5e8ca376816835f58145764a2efc01,f5045dd74424efe25edaaebfa84802eeba5e8ca376816835f58145764a2efc01,NA,NA,NA,0x0.0p+0,0x0.0p+0,NA,NA,NA,NA,NA,NA,NA,NA,NA,false,true,true,attempt_declared
L1-D1.0,L1-MP-D1.0-REPLAY,35c44ca1df498ac517c3c9a9b8f691ee0ce8a4293f52b8a0262afce8438a62a3,MP-LC-01,L1-MP,unsafe_trial_cache,H2,1,EvaluateMaterial,replay,replay_candidate,L1-MP-1.0:unsafe_trial_cache,6e807c08195ffe1a94d8a119a0ee51b3e1facc7706b6e5894b2f0a82eea8d63c,f885129dca0a3edbc8144499c1c0d07d7440c191f3ef4dfd9c6f3a552b122ba9,a76306a9f4e5c57659df452d23a66504eb26dccbe6b351390a61050242ed2b1f,0,0,f5045dd74424efe25edaaebfa84802eeba5e8ca376816835f58145764a2efc01,f5045dd74424efe25edaaebfa84802eeba5e8ca376816835f58145764a2efc01,cb01a5f6e537a7b31457f91fae719bc8c1473d818fbb3b40af81cbbc8f148e1e,f5045dd74424efe25edaaebfa84802eeba5e8ca376816835f58145764a2efc01,f5045dd74424efe25edaaebfa84802eeba5e8ca376816835f58145764a2efc01,0x1.47ae147ae147bp-8,NA,NA,0x0.0p+0,0x0.0p+0,0x1.0000000000000p-1,0x1.9000000000000p+6,NA,NA,0x0.0p+0,0x0.0p+0,hidden:f5045dd74424efe25edaaebfa84802eeba5e8ca376816835f58145764a2efc01,hidden:f5045dd74424efe25edaaebfa84802eeba5e8ca376816835f58145764a2efc01,NA,false,true,false,seeded_hidden_state_access
L1-D1.0,L1-MP-D1.0-REPLAY,35c44ca1df498ac517c3c9a9b8f691ee0ce8a4293f52b8a0262afce8438a62a3,MP-LC-01,L1-MP,unsafe_trial_cache,H2,2,RejectAttempt,replay,NA,L1-MP-1.0:unsafe_trial_cache,fb3f36ab083f382cb6fcae3492154871e65d98987efb5a7c43758692441a621f,f885129dca0a3edbc8144499c1c0d07d7440c191f3ef4dfd9c6f3a552b122ba9,a76306a9f4e5c57659df452d23a66504eb26dccbe6b351390a61050242ed2b1f,0,0,f5045dd74424efe25edaaebfa84802eeba5e8ca376816835f58145764a2efc01,f5045dd74424efe25edaaebfa84802eeba5e8ca376816835f58145764a2efc01,NA,f5045dd74424efe25edaaebfa84802eeba5e8ca376816835f58145764a2efc01,f5045dd74424efe25edaaebfa84802eeba5e8ca376816835f58145764a2efc01,NA,NA,NA,0x0.0p+0,0x0.0p+0,NA,NA,NA,NA,NA,NA,NA,NA,NA,false,true,false,seeded_cache_not_rolled_back
L1-D1.0,L1-MP-D1.0-REPLAY,35c44ca1df498ac517c3c9a9b8f691ee0ce8a4293f52b8a0262afce8438a62a3,MP-LC-01,L1-MP,safe_local,H1,0,BeginAttempt,discarded,NA,L1-MP-1.0:safe_local,5fab341e0307d3dc53be08ad5c456c36f6348ff6908658ae4d57302d94a18487,f885129dca0a3edbc8144499c1c0d07d7440c191f3ef4dfd9c6f3a552b122ba9,a76306a9f4e5c57659df452d23a66504eb26dccbe6b351390a61050242ed2b1f,0,0,f5045dd74424efe25edaaebfa84802eeba5e8ca376816835f58145764a2efc01,f5045dd74424efe25edaaebfa84802eeba5e8ca376816835f58145764a2efc01,NA,NA,NA,NA,NA,NA,0x0.0p+0,0x0.0p+0,NA,NA,NA,NA,NA,NA,NA,NA,NA,false,true,true,attempt_declared
L1-D1.0,L1-MP-D1.0-REPLAY,35c44ca1df498ac517c3c9a9b8f691ee0ce8a4293f52b8a0262afce8438a62a3,MP-LC-01,L1-MP,safe_local,H1,1,EvaluateMaterial,discarded,discarded_candidate_1,L1-MP-1.0:safe_local,e68d36089562704370cc70d0ece36f07c05bb8785432ddeb6404a2d512d5be0f,f885129dca0a3edbc8144499c1c0d07d7440c191f3ef4dfd9c6f3a552b122ba9,a76306a9f4e5c57659df452d23a66504eb26dccbe6b351390a61050242ed2b1f,0,0,f5045dd74424efe25edaaebfa84802eeba5e8ca376816835f58145764a2efc01,f5045dd74424efe25edaaebfa84802eeba5e8ca376816835f58145764a2efc01,8342d992a4f385082e4cb41c3f9dc9503b362111e7e58225f056d038e0f730b6,NA,NA,0x1.eb851eb851eb8p-6,NA,NA,0x0.0p+0,0x0.0p+0,0x1.2e8ba2e8ba2e9p+0,0x1.22e8ba2e8ba2fp+3,NA,NA,0x1.29e4129e4129ep-6,0x1.29e4129e4129ep-6,accepted:0,accepted:0,NA,false,true,true,candidate_only
L1-D1.0,L1-MP-D1.0-REPLAY,35c44ca1df498ac517c3c9a9b8f691ee0ce8a4293f52b8a0262afce8438a62a3,MP-LC-01,L1-MP,safe_local,H1,2,RejectAttempt,discarded,NA,L1-MP-1.0:safe_local,70d206f5313a7d04b4df6377cc725fdf83f7821be82284a7fd6e171c2bcb99b9,f885129dca0a3edbc8144499c1c0d07d7440c191f3ef4dfd9c6f3a552b122ba9,a76306a9f4e5c57659df452d23a66504eb26dccbe6b351390a61050242ed2b1f,0,0,f5045dd74424efe25edaaebfa84802eeba5e8ca376816835f58145764a2efc01,f5045dd74424efe25edaaebfa84802eeba5e8ca376816835f58145764a2efc01,NA,NA,NA,NA,NA,NA,0x0.0p+0,0x0.0p+0,NA,NA,NA,NA,NA,NA,NA,NA,NA,false,true,true,candidates_invalidated
L1-D1.0,L1-MP-D1.0-REPLAY,35c44ca1df498ac517c3c9a9b8f691ee0ce8a4293f52b8a0262afce8438a62a3,MP-LC-01,L1-MP,safe_local,H1,3,BeginAttempt,replay,NA,L1-MP-1.0:safe_local,712d9e2a8cf67785bc9f4c336062720aadfe4cc46406e55ccd22b53561b91e44,f885129dca0a3edbc8144499c1c0d07d7440c191f3ef4dfd9c6f3a552b122ba9,a76306a9f4e5c57659df452d23a66504eb26dccbe6b351390a61050242ed2b1f,0,0,f5045dd74424efe25edaaebfa84802eeba5e8ca376816835f58145764a2efc01,f5045dd74424efe25edaaebfa84802eeba5e8ca376816835f58145764a2efc01,NA,NA,NA,NA,NA,NA,0x0.0p+0,0x0.0p+0,NA,NA,NA,NA,NA,NA,NA,NA,NA,false,true,true,attempt_declared
L1-D1.0,L1-MP-D1.0-REPLAY,35c44ca1df498ac517c3c9a9b8f691ee0ce8a4293f52b8a0262afce8438a62a3,MP-LC-01,L1-MP,safe_local,H1,4,EvaluateMaterial,replay,replay_candidate,L1-MP-1.0:safe_local,6367e52738e613b7ab405137851c7660760c977161c02d60e434325689f5b1d5,f885129dca0a3edbc8144499c1c0d07d7440c191f3ef4dfd9c6f3a552b122ba9,a76306a9f4e5c57659df452d23a66504eb26dccbe6b351390a61050242ed2b1f,0,0,f5045dd74424efe25edaaebfa84802eeba5e8ca376816835f58145764a2efc01,f5045dd74424efe25edaaebfa84802eeba5e8ca376816835f58145764a2efc01,f74b528a685590b585af46083cb6c951d8ff0d376145da05227df8a5c5807ef3,NA,NA,0x1.47ae147ae147bp-8,NA,NA,0x0.0p+0,0x0.0p+0,0x1.0000000000000p-1,0x1.9000000000000p+6,NA,NA,0x0.0p+0,0x0.0p+0,accepted:0,accepted:0,NA,false,true,true,candidate_only
L1-D1.0,L1-MP-D1.0-REPLAY,35c44ca1df498ac517c3c9a9b8f691ee0ce8a4293f52b8a0262afce8438a62a3,MP-LC-01,L1-MP,safe_local,H1,5,RejectAttempt,replay,NA,L1-MP-1.0:safe_local,76b1667d00aa53d07798b4b906071975bfdf29a2a28a1b7d469f3096287418c5,f885129dca0a3edbc8144499c1c0d07d7440c191f3ef4dfd9c6f3a552b122ba9,a76306a9f4e5c57659df452d23a66504eb26dccbe6b351390a61050242ed2b1f,0,0,f5045dd74424efe25edaaebfa84802eeba5e8ca376816835f58145764a2efc01,f5045dd74424efe25edaaebfa84802eeba5e8ca376816835f58145764a2efc01,NA,NA,NA,NA,NA,NA,0x0.0p+0,0x0.0p+0,NA,NA,NA,NA,NA,NA,NA,NA,NA,false,true,true,candidates_invalidated
L1-D1.0,L1-MP-D1.0-REPLAY,35c44ca1df498ac517c3c9a9b8f691ee0ce8a4293f52b8a0262afce8438a62a3,MP-LC-01,L1-MP,safe_local,H2,0,BeginAttempt,replay,NA,L1-MP-1.0:safe_local,712d9e2a8cf67785bc9f4c336062720aadfe4cc46406e55ccd22b53561b91e44,f885129dca0a3edbc8144499c1c0d07d7440c191f3ef4dfd9c6f3a552b122ba9,a76306a9f4e5c57659df452d23a66504eb26dccbe6b351390a61050242ed2b1f,0,0,f5045dd74424efe25edaaebfa84802eeba5e8ca376816835f58145764a2efc01,f5045dd74424efe25edaaebfa84802eeba5e8ca376816835f58145764a2efc01,NA,NA,NA,NA,NA,NA,0x0.0p+0,0x0.0p+0,NA,NA,NA,NA,NA,NA,NA,NA,NA,false,true,true,attempt_declared
L1-D1.0,L1-MP-D1.0-REPLAY,35c44ca1df498ac517c3c9a9b8f691ee0ce8a4293f52b8a0262afce8438a62a3,MP-LC-01,L1-MP,safe_local,H2,1,EvaluateMaterial,replay,replay_candidate,L1-MP-1.0:safe_local,6367e52738e613b7ab405137851c7660760c977161c02d60e434325689f5b1d5,f885129dca0a3edbc8144499c1c0d07d7440c191f3ef4dfd9c6f3a552b122ba9,a76306a9f4e5c57659df452d23a66504eb26dccbe6b351390a61050242ed2b1f,0,0,f5045dd74424efe25edaaebfa84802eeba5e8ca376816835f58145764a2efc01,f5045dd74424efe25edaaebfa84802eeba5e8ca376816835f58145764a2efc01,cb01a5f6e537a7b31457f91fae719bc8c1473d818fbb3b40af81cbbc8f148e1e,NA,NA,0x1.47ae147ae147bp-8,NA,NA,0x0.0p+0,0x0.0p+0,0x1.0000000000000p-1,0x1.9000000000000p+6,NA,NA,0x0.0p+0,0x0.0p+0,accepted:0,accepted:0,NA,false,true,true,candidate_only
L1-D1.0,L1-MP-D1.0-REPLAY,35c44ca1df498ac517c3c9a9b8f691ee0ce8a4293f52b8a0262afce8438a62a3,MP-LC-01,L1-MP,safe_local,H2,2,RejectAttempt,replay,NA,L1-MP-1.0:safe_local,76b1667d00aa53d07798b4b906071975bfdf29a2a28a1b7d469f3096287418c5,f885129dca0a3edbc8144499c1c0d07d7440c191f3ef4dfd9c6f3a552b122ba9,a76306a9f4e5c57659df452d23a66504eb26dccbe6b351390a61050242ed2b1f,0,0,f5045dd74424efe25edaaebfa84802eeba5e8ca376816835f58145764a2efc01,f5045dd74424efe25edaaebfa84802eeba5e8ca376816835f58145764a2efc01,NA,NA,NA,NA,NA,NA,0x0.0p+0,0x0.0p+0,NA,NA,NA,NA,NA,NA,NA,NA,NA,false,true,true,candidates_invalidated
L1-D1.0,L1-MP-D1.0-REPLAY,35c44ca1df498ac517c3c9a9b8f691ee0ce8a4293f52b8a0262afce8438a62a3,MP-LC-01,L1-MP,safe_transactional,H1,0,BeginAttempt,discarded,NA,L1-MP-1.0:safe_transactional,dd4e84c91c2851fd5835282c90ab5d612d3571d3f2f4d7b22beb7b54de65bc51,f885129dca0a3edbc8144499c1c0d07d7440c191f3ef4dfd9c6f3a552b122ba9,a76306a9f4e5c57659df452d23a66504eb26dccbe6b351390a61050242ed2b1f,0,0,f5045dd74424efe25edaaebfa84802eeba5e8ca376816835f58145764a2efc01,f5045dd74424efe25edaaebfa84802eeba5e8ca376816835f58145764a2efc01,NA,NA,NA,NA,NA,NA,0x0.0p+0,0x0.0p+0,NA,NA,NA,NA,NA,NA,NA,NA,NA,false,true,true,attempt_declared
L1-D1.0,L1-MP-D1.0-REPLAY,35c44ca1df498ac517c3c9a9b8f691ee0ce8a4293f52b8a0262afce8438a62a3,MP-LC-01,L1-MP,safe_transactional,H1,1,EvaluateMaterial,discarded,discarded_candidate_1,L1-MP-1.0:safe_transactional,1fec84efdc92e1c53cc4e00bb89820065d934545afb93f0e5c75d59fd06b825e,f885129dca0a3edbc8144499c1c0d07d7440c191f3ef4dfd9c6f3a552b122ba9,a76306a9f4e5c57659df452d23a66504eb26dccbe6b351390a61050242ed2b1f,0,0,f5045dd74424efe25edaaebfa84802eeba5e8ca376816835f58145764a2efc01,f5045dd74424efe25edaaebfa84802eeba5e8ca376816835f58145764a2efc01,8342d992a4f385082e4cb41c3f9dc9503b362111e7e58225f056d038e0f730b6,NA,NA,0x1.eb851eb851eb8p-6,NA,NA,0x0.0p+0,0x0.0p+0,0x1.2e8ba2e8ba2e9p+0,0x1.22e8ba2e8ba2fp+3,NA,NA,0x1.29e4129e4129ep-6,0x1.29e4129e4129ep-6,accepted:0,accepted:0,NA,true,true,true,candidate_only
L1-D1.0,L1-MP-D1.0-REPLAY,35c44ca1df498ac517c3c9a9b8f691ee0ce8a4293f52b8a0262afce8438a62a3,MP-LC-01,L1-MP,safe_transactional,H1,2,RejectAttempt,discarded,NA,L1-MP-1.0:safe_transactional,2914b672028cf8f3e3ab29de3d412813fc6e1c3592f7226919638b31355f7eab,f885129dca0a3edbc8144499c1c0d07d7440c191f3ef4dfd9c6f3a552b122ba9,a76306a9f4e5c57659df452d23a66504eb26dccbe6b351390a61050242ed2b1f,0,0,f5045dd74424efe25edaaebfa84802eeba5e8ca376816835f58145764a2efc01,f5045dd74424efe25edaaebfa84802eeba5e8ca376816835f58145764a2efc01,NA,NA,NA,NA,NA,NA,0x0.0p+0,0x0.0p+0,NA,NA,NA,NA,NA,NA,NA,NA,NA,false,true,true,candidates_invalidated
L1-D1.0,L1-MP-D1.0-REPLAY,35c44ca1df498ac517c3c9a9b8f691ee0ce8a4293f52b8a0262afce8438a62a3,MP-LC-01,L1-MP,safe_transactional,H1,3,BeginAttempt,replay,NA,L1-MP-1.0:safe_transactional,e8b3054aa922a1b5f47d88e7216bf9e5022455beb71eeddaa1771dda898fadc5,f885129dca0a3edbc8144499c1c0d07d7440c191f3ef4dfd9c6f3a552b122ba9,a76306a9f4e5c57659df452d23a66504eb26dccbe6b351390a61050242ed2b1f,0,0,f5045dd74424efe25edaaebfa84802eeba5e8ca376816835f58145764a2efc01,f5045dd74424efe25edaaebfa84802eeba5e8ca376816835f58145764a2efc01,NA,NA,NA,NA,NA,NA,0x0.0p+0,0x0.0p+0,NA,NA,NA,NA,NA,NA,NA,NA,NA,false,true,true,attempt_declared
L1-D1.0,L1-MP-D1.0-REPLAY,35c44ca1df498ac517c3c9a9b8f691ee0ce8a4293f52b8a0262afce8438a62a3,MP-LC-01,L1-MP,safe_transactional,H1,4,EvaluateMaterial,replay,replay_candidate,L1-MP-1.0:safe_transactional,34c2c4b7f22fc6292b121eff2f4ea5e779a5bcc9713040f0c722f60de22fd449,f885129dca0a3edbc8144499c1c0d07d7440c191f3ef4dfd9c6f3a552b122ba9,a76306a9f4e5c57659df452d23a66504eb26dccbe6b351390a61050242ed2b1f,0,0,f5045dd74424efe25edaaebfa84802eeba5e8ca376816835f58145764a2efc01,f5045dd74424efe25edaaebfa84802eeba5e8ca376816835f58145764a2efc01,f74b528a685590b585af46083cb6c951d8ff0d376145da05227df8a5c5807ef3,NA,NA,0x1.47ae147ae147bp-8,NA,NA,0x0.0p+0,0x0.0p+0,0x1.0000000000000p-1,0x1.9000000000000p+6,NA,NA,0x0.0p+0,0x0.0p+0,accepted:0,accepted:0,NA,true,true,true,candidate_only
L1-D1.0,L1-MP-D1.0-REPLAY,35c44ca1df498ac517c3c9a9b8f691ee0ce8a4293f52b8a0262afce8438a62a3,MP-LC-01,L1-MP,safe_transactional,H1,5,RejectAttempt,replay,NA,L1-MP-1.0:safe_transactional,52cbf929093650c3bd2f5895dd6f2b653d2cdb3fa66894688e105c8eb17959ac,f885129dca0a3edbc8144499c1c0d07d7440c191f3ef4dfd9c6f3a552b122ba9,a76306a9f4e5c57659df452d23a66504eb26dccbe6b351390a61050242ed2b1f,0,0,f5045dd74424efe25edaaebfa84802eeba5e8ca376816835f58145764a2efc01,f5045dd74424efe25edaaebfa84802eeba5e8ca376816835f58145764a2efc01,NA,NA,NA,NA,NA,NA,0x0.0p+0,0x0.0p+0,NA,NA,NA,NA,NA,NA,NA,NA,NA,false,true,true,candidates_invalidated
L1-D1.0,L1-MP-D1.0-REPLAY,35c44ca1df498ac517c3c9a9b8f691ee0ce8a4293f52b8a0262afce8438a62a3,MP-LC-01,L1-MP,safe_transactional,H2,0,BeginAttempt,replay,NA,L1-MP-1.0:safe_transactional,e8b3054aa922a1b5f47d88e7216bf9e5022455beb71eeddaa1771dda898fadc5,f885129dca0a3edbc8144499c1c0d07d7440c191f3ef4dfd9c6f3a552b122ba9,a76306a9f4e5c57659df452d23a66504eb26dccbe6b351390a61050242ed2b1f,0,0,f5045dd74424efe25edaaebfa84802eeba5e8ca376816835f58145764a2efc01,f5045dd74424efe25edaaebfa84802eeba5e8ca376816835f58145764a2efc01,NA,NA,NA,NA,NA,NA,0x0.0p+0,0x0.0p+0,NA,NA,NA,NA,NA,NA,NA,NA,NA,false,true,true,attempt_declared
L1-D1.0,L1-MP-D1.0-REPLAY,35c44ca1df498ac517c3c9a9b8f691ee0ce8a4293f52b8a0262afce8438a62a3,MP-LC-01,L1-MP,safe_transactional,H2,1,EvaluateMaterial,replay,replay_candidate,L1-MP-1.0:safe_transactional,34c2c4b7f22fc6292b121eff2f4ea5e779a5bcc9713040f0c722f60de22fd449,f885129dca0a3edbc8144499c1c0d07d7440c191f3ef4dfd9c6f3a552b122ba9,a76306a9f4e5c57659df452d23a66504eb26dccbe6b351390a61050242ed2b1f,0,0,f5045dd74424efe25edaaebfa84802eeba5e8ca376816835f58145764a2efc01,f5045dd74424efe25edaaebfa84802eeba5e8ca376816835f58145764a2efc01,cb01a5f6e537a7b31457f91fae719bc8c1473d818fbb3b40af81cbbc8f148e1e,NA,NA,0x1.47ae147ae147bp-8,NA,NA,0x0.0p+0,0x0.0p+0,0x1.0000000000000p-1,0x1.9000000000000p+6,NA,NA,0x0.0p+0,0x0.0p+0,accepted:0,accepted:0,NA,true,true,true,candidate_only
L1-D1.0,L1-MP-D1.0-REPLAY,35c44ca1df498ac517c3c9a9b8f691ee0ce8a4293f52b8a0262afce8438a62a3,MP-LC-01,L1-MP,safe_transactional,H2,2,RejectAttempt,replay,NA,L1-MP-1.0:safe_transactional,52cbf929093650c3bd2f5895dd6f2b653d2cdb3fa66894688e105c8eb17959ac,f885129dca0a3edbc8144499c1c0d07d7440c191f3ef4dfd9c6f3a552b122ba9,a76306a9f4e5c57659df452d23a66504eb26dccbe6b351390a61050242ed2b1f,0,0,f5045dd74424efe25edaaebfa84802eeba5e8ca376816835f58145764a2efc01,f5045dd74424efe25edaaebfa84802eeba5e8ca376816835f58145764a2efc01,NA,NA,NA,NA,NA,NA,0x0.0p+0,0x0.0p+0,NA,NA,NA,NA,NA,NA,NA,NA,NA,false,true,true,candidates_invalidated
L1-D1.0,L1-MP-D1.0-REPLAY,35c44ca1df498ac517c3c9a9b8f691ee0ce8a4293f52b8a0262afce8438a62a3,MP-LC-02,L1-MP,unsafe_trial_cache,H1,0,BeginAttempt,discarded,NA,L1-MP-1.0:unsafe_trial_cache,6f2aebc6ed318ba1dde3988555a5339696c25dabefda565cfa59d3da3be7d0c2,f885129dca0a3edbc8144499c1c0d07d7440c191f3ef4dfd9c6f3a552b122ba9,a76306a9f4e5c57659df452d23a66504eb26dccbe6b351390a61050242ed2b1f,0,0,f5045dd74424efe25edaaebfa84802eeba5e8ca376816835f58145764a2efc01,f5045dd74424efe25edaaebfa84802eeba5e8ca376816835f58145764a2efc01,NA,f5045dd74424efe25edaaebfa84802eeba5e8ca376816835f58145764a2efc01,f5045dd74424efe25edaaebfa84802eeba5e8ca376816835f58145764a2efc01,NA,NA,NA,0x0.0p+0,0x0.0p+0,NA,NA,NA,NA,NA,NA,NA,NA,NA,false,true,true,attempt_declared
L1-D1.0,L1-MP-D1.0-REPLAY,35c44ca1df498ac517c3c9a9b8f691ee0ce8a4293f52b8a0262afce8438a62a3,MP-LC-02,L1-MP,unsafe_trial_cache,H1,1,EvaluateMaterial,discarded,discarded_candidate_1,L1-MP-1.0:unsafe_trial_cache,20027e2b7f863d91af2f2f777678ede28199e8fb207cef366ab12b2cbad9dac9,f885129dca0a3edbc8144499c1c0d07d7440c191f3ef4dfd9c6f3a552b122ba9,a76306a9f4e5c57659df452d23a66504eb26dccbe6b351390a61050242ed2b1f,0,0,f5045dd74424efe25edaaebfa84802eeba5e8ca376816835f58145764a2efc01,f5045dd74424efe25edaaebfa84802eeba5e8ca376816835f58145764a2efc01,8342d992a4f385082e4cb41c3f9dc9503b362111e7e58225f056d038e0f730b6,f5045dd74424efe25edaaebfa84802eeba5e8ca376816835f58145764a2efc01,ec2b723243d37a8ccf11ce761e98fcfef7eb13241d2677964ffe61c9444af127,0x1.eb851eb851eb8p-6,NA,NA,0x0.0p+0,0x0.0p+0,0x1.2e8ba2e8ba2e9p+0,0x1.22e8ba2e8ba2fp+3,NA,NA,0x1.29e4129e4129ep-6,0x1.29e4129e4129ep-6,hidden:f5045dd74424efe25edaaebfa84802eeba5e8ca376816835f58145764a2efc01,hidden:f5045dd74424efe25edaaebfa84802eeba5e8ca376816835f58145764a2efc01,NA,false,true,false,seeded_hidden_state_access
L1-D1.0,L1-MP-D1.0-REPLAY,35c44ca1df498ac517c3c9a9b8f691ee0ce8a4293f52b8a0262afce8438a62a3,MP-LC-02,L1-MP,unsafe_trial_cache,H1,2,EvaluateMaterial,discarded,discarded_candidate_2,L1-MP-1.0:unsafe_trial_cache,7f5480a44098a19d996842fd78099643fd9942ece93d225cc4666790d5ebfafe,f885129dca0a3edbc8144499c1c0d07d7440c191f3ef4dfd9c6f3a552b122ba9,a76306a9f4e5c57659df452d23a66504eb26dccbe6b351390a61050242ed2b1f,0,0,f5045dd74424efe25edaaebfa84802eeba5e8ca376816835f58145764a2efc01,f5045dd74424efe25edaaebfa84802eeba5e8ca376816835f58145764a2efc01,698227f6ddfab659ac2e3e7b89a7099f77097c5e5b3d21406e874a0b93bd43d7,ec2b723243d37a8ccf11ce761e98fcfef7eb13241d2677964ffe61c9444af127,c7a6b3de9368f513814d1d41ba2ee1387e5b6ff7be7ef106366571286064c0f7,-0x1.eb851eb851eb8p-6,NA,NA,0x0.0p+0,0x0.0p+0,-0x1.832c6e043b3d6p+0,0x1.22e8ba2e8ba2fp+3,NA,NA,-0x1.e77535bd24d04p-7,0x1.a3c1600d8a5dfp-5,hidden:ec2b723243d37a8ccf11ce761e98fcfef7eb13241d2677964ffe61c9444af127,hidden:ec2b723243d37a8ccf11ce761e98fcfef7eb13241d2677964ffe61c9444af127,NA,false,true,false,seeded_hidden_state_access
L1-D1.0,L1-MP-D1.0-REPLAY,35c44ca1df498ac517c3c9a9b8f691ee0ce8a4293f52b8a0262afce8438a62a3,MP-LC-02,L1-MP,unsafe_trial_cache,H1,3,RejectAttempt,discarded,NA,L1-MP-1.0:unsafe_trial_cache,630b2880ed7b46c8f894ffc9ead3015224a5d457dfeae4a71acb400c94f3b728,f885129dca0a3edbc8144499c1c0d07d7440c191f3ef4dfd9c6f3a552b122ba9,a76306a9f4e5c57659df452d23a66504eb26dccbe6b351390a61050242ed2b1f,0,0,f5045dd74424efe25edaaebfa84802eeba5e8ca376816835f58145764a2efc01,f5045dd74424efe25edaaebfa84802eeba5e8ca376816835f58145764a2efc01,NA,c7a6b3de9368f513814d1d41ba2ee1387e5b6ff7be7ef106366571286064c0f7,c7a6b3de9368f513814d1d41ba2ee1387e5b6ff7be7ef106366571286064c0f7,NA,NA,NA,0x0.0p+0,0x0.0p+0,NA,NA,NA,NA,NA,NA,NA,NA,NA,false,true,false,seeded_cache_not_rolled_back
L1-D1.0,L1-MP-D1.0-REPLAY,35c44ca1df498ac517c3c9a9b8f691ee0ce8a4293f52b8a0262afce8438a62a3,MP-LC-02,L1-MP,unsafe_trial_cache,H1,4,BeginAttempt,replay,NA,L1-MP-1.0:unsafe_trial_cache,18bdfd930168448e580b50cf614403226dad15466b1cd596cdfe42fc976b9e6b,f885129dca0a3edbc8144499c1c0d07d7440c191f3ef4dfd9c6f3a552b122ba9,a76306a9f4e5c57659df452d23a66504eb26dccbe6b351390a61050242ed2b1f,0,0,f5045dd74424efe25edaaebfa84802eeba5e8ca376816835f58145764a2efc01,f5045dd74424efe25edaaebfa84802eeba5e8ca376816835f58145764a2efc01,NA,c7a6b3de9368f513814d1d41ba2ee1387e5b6ff7be7ef106366571286064c0f7,c7a6b3de9368f513814d1d41ba2ee1387e5b6ff7be7ef106366571286064c0f7,NA,NA,NA,0x0.0p+0,0x0.0p+0,NA,NA,NA,NA,NA,NA,NA,NA,NA,false,true,true,attempt_declared
L1-D1.0,L1-MP-D1.0-REPLAY,35c44ca1df498ac517c3c9a9b8f691ee0ce8a4293f52b8a0262afce8438a62a3,MP-LC-02,L1-MP,unsafe_trial_cache,H1,5,EvaluateMaterial,replay,replay_candidate,L1-MP-1.0:unsafe_trial_cache,fa8cce6f844c0cb1e858ad15b2a656102b929e9edef046ef6279a87bd91c37c7,f885129dca0a3edbc8144499c1c0d07d7440c191f3ef4dfd9c6f3a552b122ba9,a76306a9f4e5c57659df452d23a66504eb26dccbe6b351390a61050242ed2b1f,0,0,f5045dd74424efe25edaaebfa84802eeba5e8ca376816835f58145764a2efc01,f5045dd74424efe25edaaebfa84802eeba5e8ca376816835f58145764a2efc01,64e353bd3809d3c4f31b098d0b9c576236504c17070eb2a137890b0a9bdf5037,c7a6b3de9368f513814d1d41ba2ee1387e5b6ff7be7ef106366571286064c0f7,0db47f52d1319f0273af538a272c76a8a2c5c5e5fae672b199a190e01c8ddbc6,0x1.47ae147ae147bp-8,NA,NA,0x0.0p+0,0x0.0p+0,0x1.8e3b9fd4eaa6ap+0,0x1.22e8ba2e8ba2fp+3,NA,NA,-0x1.59e5eb4df9272p-7,0x1.c72532a955484p-5,hidden:c7a6b3de9368f513814d1d41ba2ee1387e5b6ff7be7ef106366571286064c0f7,hidden:c7a6b3de9368f513814d1d41ba2ee1387e5b6ff7be7ef106366571286064c0f7,NA,false,true,false,seeded_hidden_state_access
L1-D1.0,L1-MP-D1.0-REPLAY,35c44ca1df498ac517c3c9a9b8f691ee0ce8a4293f52b8a0262afce8438a62a3,MP-LC-02,L1-MP,unsafe_trial_cache,H1,6,RejectAttempt,replay,NA,L1-MP-1.0:unsafe_trial_cache,56a5147617b62807b52f53eb2ea5dde0a0c0d5dd6cc2d20e346c0a735bddb64b,f885129dca0a3edbc8144499c1c0d07d7440c191f3ef4dfd9c6f3a552b122ba9,a76306a9f4e5c57659df452d23a66504eb26dccbe6b351390a61050242ed2b1f,0,0,f5045dd74424efe25edaaebfa84802eeba5e8ca376816835f58145764a2efc01,f5045dd74424efe25edaaebfa84802eeba5e8ca376816835f58145764a2efc01,NA,0db47f52d1319f0273af538a272c76a8a2c5c5e5fae672b199a190e01c8ddbc6,0db47f52d1319f0273af538a272c76a8a2c5c5e5fae672b199a190e01c8ddbc6,NA,NA,NA,0x0.0p+0,0x0.0p+0,NA,NA,NA,NA,NA,NA,NA,NA,NA,false,true,false,seeded_cache_not_rolled_back
L1-D1.0,L1-MP-D1.0-REPLAY,35c44ca1df498ac517c3c9a9b8f691ee0ce8a4293f52b8a0262afce8438a62a3,MP-LC-02,L1-MP,unsafe_trial_cache,H2,0,BeginAttempt,discarded,NA,L1-MP-1.0:unsafe_trial_cache,6f2aebc6ed318ba1dde3988555a5339696c25dabefda565cfa59d3da3be7d0c2,f885129dca0a3edbc8144499c1c0d07d7440c191f3ef4dfd9c6f3a552b122ba9,a76306a9f4e5c57659df452d23a66504eb26dccbe6b351390a61050242ed2b1f,0,0,f5045dd74424efe25edaaebfa84802eeba5e8ca376816835f58145764a2efc01,f5045dd74424efe25edaaebfa84802eeba5e8ca376816835f58145764a2efc01,NA,f5045dd74424efe25edaaebfa84802eeba5e8ca376816835f58145764a2efc01,f5045dd74424efe25edaaebfa84802eeba5e8ca376816835f58145764a2efc01,NA,NA,NA,0x0.0p+0,0x0.0p+0,NA,NA,NA,NA,NA,NA,NA,NA,NA,false,true,true,attempt_declared
L1-D1.0,L1-MP-D1.0-REPLAY,35c44ca1df498ac517c3c9a9b8f691ee0ce8a4293f52b8a0262afce8438a62a3,MP-LC-02,L1-MP,unsafe_trial_cache,H2,1,EvaluateMaterial,discarded,discarded_candidate_1,L1-MP-1.0:unsafe_trial_cache,ca25de08bd6a914b7121e08f617f729aaaf84219de6346924a96384f7225aa22,f885129dca0a3edbc8144499c1c0d07d7440c191f3ef4dfd9c6f3a552b122ba9,a76306a9f4e5c57659df452d23a66504eb26dccbe6b351390a61050242ed2b1f,0,0,f5045dd74424efe25edaaebfa84802eeba5e8ca376816835f58145764a2efc01,f5045dd74424efe25edaaebfa84802eeba5e8ca376816835f58145764a2efc01,e128072b25812731a51b7dc9299d695db2da35434c435dfed56229efb892b18c,f5045dd74424efe25edaaebfa84802eeba5e8ca376816835f58145764a2efc01,00488f4fbdedc7ac0e81f2b68ddcb4170e3a216bd8630881b8c18f4df9e63368,-0x1.eb851eb851eb8p-6,NA,NA,0x0.0p+0,0x0.0p+0,-0x1.2e8ba2e8ba2e9p+0,0x1.22e8ba2e8ba2fp+3,NA,NA,-0x1.29e4129e4129ep-6,0x1.29e4129e4129ep-6,hidden:f5045dd74424efe25edaaebfa84802eeba5e8ca376816835f58145764a2efc01,hidden:f5045dd74424efe25edaaebfa84802eeba5e8ca376816835f58145764a2efc01,NA,false,true,false,seeded_hidden_state_access
L1-D1.0,L1-MP-D1.0-REPLAY,35c44ca1df498ac517c3c9a9b8f691ee0ce8a4293f52b8a0262afce8438a62a3,MP-LC-02,L1-MP,unsafe_trial_cache,H2,2,EvaluateMaterial,discarded,discarded_candidate_2,L1-MP-1.0:unsafe_trial_cache,db5adacf290b88af817ab36cad2ad5e968157ab15df74edcb52dd196baf706ce,f885129dca0a3edbc8144499c1c0d07d7440c191f3ef4dfd9c6f3a552b122ba9,a76306a9f4e5c57659df452d23a66504eb26dccbe6b351390a61050242ed2b1f,0,0,f5045dd74424efe25edaaebfa84802eeba5e8ca376816835f58145764a2efc01,f5045dd74424efe25edaaebfa84802eeba5e8ca376816835f58145764a2efc01,d056763650fcfe5b6f380fdc3cd13fa820426f0e0ca64b738a44f24a4c554cab,00488f4fbdedc7ac0e81f2b68ddcb4170e3a216bd8630881b8c18f4df9e63368,dfb12fbfdd1abd584f18080d34fb84e83b808b36479f4023d4e56e1f99dd5874,0x1.eb851eb851eb8p-6,NA,NA,0x0.0p+0,0x0.0p+0,0x1.832c6e043b3d6p+0,0x1.22e8ba2e8ba2fp+3,NA,NA,0x1.e77535bd24d04p-7,0x1.a3c1600d8a5dfp-5,hidden:00488f4fbdedc7ac0e81f2b68ddcb4170e3a216bd8630881b8c18f4df9e63368,hidden:00488f4fbdedc7ac0e81f2b68ddcb4170e3a216bd8630881b8c18f4df9e63368,NA,false,true,false,seeded_hidden_state_access
L1-D1.0,L1-MP-D1.0-REPLAY,35c44ca1df498ac517c3c9a9b8f691ee0ce8a4293f52b8a0262afce8438a62a3,MP-LC-02,L1-MP,unsafe_trial_cache,H2,3,RejectAttempt,discarded,NA,L1-MP-1.0:unsafe_trial_cache,630b2880ed7b46c8f894ffc9ead3015224a5d457dfeae4a71acb400c94f3b728,f885129dca0a3edbc8144499c1c0d07d7440c191f3ef4dfd9c6f3a552b122ba9,a76306a9f4e5c57659df452d23a66504eb26dccbe6b351390a61050242ed2b1f,0,0,f5045dd74424efe25edaaebfa84802eeba5e8ca376816835f58145764a2efc01,f5045dd74424efe25edaaebfa84802eeba5e8ca376816835f58145764a2efc01,NA,dfb12fbfdd1abd584f18080d34fb84e83b808b36479f4023d4e56e1f99dd5874,dfb12fbfdd1abd584f18080d34fb84e83b808b36479f4023d4e56e1f99dd5874,NA,NA,NA,0x0.0p+0,0x0.0p+0,NA,NA,NA,NA,NA,NA,NA,NA,NA,false,true,false,seeded_cache_not_rolled_back
L1-D1.0,L1-MP-D1.0-REPLAY,35c44ca1df498ac517c3c9a9b8f691ee0ce8a4293f52b8a0262afce8438a62a3,MP-LC-02,L1-MP,unsafe_trial_cache,H2,4,BeginAttempt,replay,NA,L1-MP-1.0:unsafe_trial_cache,18bdfd930168448e580b50cf614403226dad15466b1cd596cdfe42fc976b9e6b,f885129dca0a3edbc8144499c1c0d07d7440c191f3ef4dfd9c6f3a552b122ba9,a76306a9f4e5c57659df452d23a66504eb26dccbe6b351390a61050242ed2b1f,0,0,f5045dd74424efe25edaaebfa84802eeba5e8ca376816835f58145764a2efc01,f5045dd74424efe25edaaebfa84802eeba5e8ca376816835f58145764a2efc01,NA,dfb12fbfdd1abd584f18080d34fb84e83b808b36479f4023d4e56e1f99dd5874,dfb12fbfdd1abd584f18080d34fb84e83b808b36479f4023d4e56e1f99dd5874,NA,NA,NA,0x0.0p+0,0x0.0p+0,NA,NA,NA,NA,NA,NA,NA,NA,NA,false,true,true,attempt_declared
L1-D1.0,L1-MP-D1.0-REPLAY,35c44ca1df498ac517c3c9a9b8f691ee0ce8a4293f52b8a0262afce8438a62a3,MP-LC-02,L1-MP,unsafe_trial_cache,H2,5,EvaluateMaterial,replay,replay_candidate,L1-MP-1.0:unsafe_trial_cache,fa8cce6f844c0cb1e858ad15b2a656102b929e9edef046ef6279a87bd91c37c7,f885129dca0a3edbc8144499c1c0d07d7440c191f3ef4dfd9c6f3a552b122ba9,a76306a9f4e5c57659df452d23a66504eb26dccbe6b351390a61050242ed2b1f,0,0,f5045dd74424efe25edaaebfa84802eeba5e8ca376816835f58145764a2efc01,f5045dd74424efe25edaaebfa84802eeba5e8ca376816835f58145764a2efc01,897e870151cfd95db0b4877ed8e7ea843703f7ffcd0002e5bef8be80ed415409,dfb12fbfdd1abd584f18080d34fb84e83b808b36479f4023d4e56e1f99dd5874,dfb12fbfdd1abd584f18080d34fb84e83b808b36479f4023d4e56e1f99dd5874,0x1.47ae147ae147bp-8,NA,NA,0x0.0p+0,0x0.0p+0,-0x1.f9a723f789855p-1,0x1.9000000000000p+6,NA,NA,0x1.e77535bd24d04p-7,0x1.a3c1600d8a5dfp-5,hidden:dfb12fbfdd1abd584f18080d34fb84e83b808b36479f4023d4e56e1f99dd5874,hidden:dfb12fbfdd1abd584f18080d34fb84e83b808b36479f4023d4e56e1f99dd5874,NA,false,true,false,seeded_hidden_state_access
L1-D1.0,L1-MP-D1.0-REPLAY,35c44ca1df498ac517c3c9a9b8f691ee0ce8a4293f52b8a0262afce8438a62a3,MP-LC-02,L1-MP,unsafe_trial_cache,H2,6,RejectAttempt,replay,NA,L1-MP-1.0:unsafe_trial_cache,56a5147617b62807b52f53eb2ea5dde0a0c0d5dd6cc2d20e346c0a735bddb64b,f885129dca0a3edbc8144499c1c0d07d7440c191f3ef4dfd9c6f3a552b122ba9,a76306a9f4e5c57659df452d23a66504eb26dccbe6b351390a61050242ed2b1f,0,0,f5045dd74424efe25edaaebfa84802eeba5e8ca376816835f58145764a2efc01,f5045dd74424efe25edaaebfa84802eeba5e8ca376816835f58145764a2efc01,NA,dfb12fbfdd1abd584f18080d34fb84e83b808b36479f4023d4e56e1f99dd5874,dfb12fbfdd1abd584f18080d34fb84e83b808b36479f4023d4e56e1f99dd5874,NA,NA,NA,0x0.0p+0,0x0.0p+0,NA,NA,NA,NA,NA,NA,NA,NA,NA,false,true,false,seeded_cache_not_rolled_back
L1-D1.0,L1-MP-D1.0-REPLAY,35c44ca1df498ac517c3c9a9b8f691ee0ce8a4293f52b8a0262afce8438a62a3,MP-LC-02,L1-MP,safe_local,H1,0,BeginAttempt,discarded,NA,L1-MP-1.0:safe_local,d84e7451a9b705a61447aacfbadb78a6f83bc5b5545358dbc57ef35f1231ffc7,f885129dca0a3edbc8144499c1c0d07d7440c191f3ef4dfd9c6f3a552b122ba9,a76306a9f4e5c57659df452d23a66504eb26dccbe6b351390a61050242ed2b1f,0,0,f5045dd74424efe25edaaebfa84802eeba5e8ca376816835f58145764a2efc01,f5045dd74424efe25edaaebfa84802eeba5e8ca376816835f58145764a2efc01,NA,NA,NA,NA,NA,NA,0x0.0p+0,0x0.0p+0,NA,NA,NA,NA,NA,NA,NA,NA,NA,false,true,true,attempt_declared
L1-D1.0,L1-MP-D1.0-REPLAY,35c44ca1df498ac517c3c9a9b8f691ee0ce8a4293f52b8a0262afce8438a62a3,MP-LC-02,L1-MP,safe_local,H1,1,EvaluateMaterial,discarded,discarded_candidate_1,L1-MP-1.0:safe_local,4f755f112b5abf4d2665a9cac07293f442ab3430aadb54d8cfb4742fb34af2e4,f885129dca0a3edbc8144499c1c0d07d7440c191f3ef4dfd9c6f3a552b122ba9,a76306a9f4e5c57659df452d23a66504eb26dccbe6b351390a61050242ed2b1f,0,0,f5045dd74424efe25edaaebfa84802eeba5e8ca376816835f58145764a2efc01,f5045dd74424efe25edaaebfa84802eeba5e8ca376816835f58145764a2efc01,8342d992a4f385082e4cb41c3f9dc9503b362111e7e58225f056d038e0f730b6,NA,NA,0x1.eb851eb851eb8p-6,NA,NA,0x0.0p+0,0x0.0p+0,0x1.2e8ba2e8ba2e9p+0,0x1.22e8ba2e8ba2fp+3,NA,NA,0x1.29e4129e4129ep-6,0x1.29e4129e4129ep-6,accepted:0,accepted:0,NA,false,true,true,candidate_only
L1-D1.0,L1-MP-D1.0-REPLAY,35c44ca1df498ac517c3c9a9b8f691ee0ce8a4293f52b8a0262afce8438a62a3,MP-LC-02,L1-MP,safe_local,H1,2,EvaluateMaterial,discarded,discarded_candidate_2,L1-MP-1.0:safe_local,3373500fe724dc78e5ed9cc61dbdda6310a86dbbff30831ad3e95453f8504b83,f885129dca0a3edbc8144499c1c0d07d7440c191f3ef4dfd9c6f3a552b122ba9,a76306a9f4e5c57659df452d23a66504eb26dccbe6b351390a61050242ed2b1f,0,0,f5045dd74424efe25edaaebfa84802eeba5e8ca376816835f58145764a2efc01,f5045dd74424efe25edaaebfa84802eeba5e8ca376816835f58145764a2efc01,66c9c36ca117b3d0370792f514c523c4fa39e552f668b12c5c90e9ee3827b735,NA,NA,-0x1.eb851eb851eb8p-6,NA,NA,0x0.0p+0,0x0.0p+0,-0x1.2e8ba2e8ba2e9p+0,0x1.22e8ba2e8ba2fp+3,NA,NA,-0x1.29e4129e4129ep-6,0x1.29e4129e4129ep-6,accepted:0,accepted:0,NA,false,true,true,candidate_only
L1-D1.0,L1-MP-D1.0-REPLAY,35c44ca1df498ac517c3c9a9b8f691ee0ce8a4293f52b8a0262afce8438a62a3,MP-LC-02,L1-MP,safe_local,H1,3,RejectAttempt,discarded,NA,L1-MP-1.0:safe_local,54d4a5739185578d259cd377b2bf83bf67044833d1e0d384e4515f4cab6b88d4,f885129dca0a3edbc8144499c1c0d07d7440c191f3ef4dfd9c6f3a552b122ba9,a76306a9f4e5c57659df452d23a66504eb26dccbe6b351390a61050242ed2b1f,0,0,f5045dd74424efe25edaaebfa84802eeba5e8ca376816835f58145764a2efc01,f5045dd74424efe25edaaebfa84802eeba5e8ca376816835f58145764a2efc01,NA,NA,NA,NA,NA,NA,0x0.0p+0,0x0.0p+0,NA,NA,NA,NA,NA,NA,NA,NA,NA,false,true,true,candidates_invalidated
L1-D1.0,L1-MP-D1.0-REPLAY,35c44ca1df498ac517c3c9a9b8f691ee0ce8a4293f52b8a0262afce8438a62a3,MP-LC-02,L1-MP,safe_local,H1,4,BeginAttempt,replay,NA,L1-MP-1.0:safe_local,dbd44e05de6f63f0bd80aa87c10a8c9d9e23cd1b48dab53f0b0c9f8c68afb6d4,f885129dca0a3edbc8144499c1c0d07d7440c191f3ef4dfd9c6f3a552b122ba9,a76306a9f4e5c57659df452d23a66504eb26dccbe6b351390a61050242ed2b1f,0,0,f5045dd74424efe25edaaebfa84802eeba5e8ca376816835f58145764a2efc01,f5045dd74424efe25edaaebfa84802eeba5e8ca376816835f58145764a2efc01,NA,NA,NA,NA,NA,NA,0x0.0p+0,0x0.0p+0,NA,NA,NA,NA,NA,NA,NA,NA,NA,false,true,true,attempt_declared
L1-D1.0,L1-MP-D1.0-REPLAY,35c44ca1df498ac517c3c9a9b8f691ee0ce8a4293f52b8a0262afce8438a62a3,MP-LC-02,L1-MP,safe_local,H1,5,EvaluateMaterial,replay,replay_candidate,L1-MP-1.0:safe_local,6a0a351a6ca73421a13854df54b907469235416ce505fc6203d60874cbcde10b,f885129dca0a3edbc8144499c1c0d07d7440c191f3ef4dfd9c6f3a552b122ba9,a76306a9f4e5c57659df452d23a66504eb26dccbe6b351390a61050242ed2b1f,0,0,f5045dd74424efe25edaaebfa84802eeba5e8ca376816835f58145764a2efc01,f5045dd74424efe25edaaebfa84802eeba5e8ca376816835f58145764a2efc01,df2e155fc0ebb331db592667fb957b08aae20b3a743afb4430ec56d667db3cb9,NA,NA,0x1.47ae147ae147bp-8,NA,NA,0x0.0p+0,0x0.0p+0,0x1.0000000000000p-1,0x1.9000000000000p+6,NA,NA,0x0.0p+0,0x0.0p+0,accepted:0,accepted:0,NA,false,true,true,candidate_only
L1-D1.0,L1-MP-D1.0-REPLAY,35c44ca1df498ac517c3c9a9b8f691ee0ce8a4293f52b8a0262afce8438a62a3,MP-LC-02,L1-MP,safe_local,H1,6,RejectAttempt,replay,NA,L1-MP-1.0:safe_local,ed8c4598a59030df2300c85abb5568e765a4fa4821b3429fe9e0a61a955a7de2,f885129dca0a3edbc8144499c1c0d07d7440c191f3ef4dfd9c6f3a552b122ba9,a76306a9f4e5c57659df452d23a66504eb26dccbe6b351390a61050242ed2b1f,0,0,f5045dd74424efe25edaaebfa84802eeba5e8ca376816835f58145764a2efc01,f5045dd74424efe25edaaebfa84802eeba5e8ca376816835f58145764a2efc01,NA,NA,NA,NA,NA,NA,0x0.0p+0,0x0.0p+0,NA,NA,NA,NA,NA,NA,NA,NA,NA,false,true,true,candidates_invalidated
L1-D1.0,L1-MP-D1.0-REPLAY,35c44ca1df498ac517c3c9a9b8f691ee0ce8a4293f52b8a0262afce8438a62a3,MP-LC-02,L1-MP,safe_local,H2,0,BeginAttempt,discarded,NA,L1-MP-1.0:safe_local,d84e7451a9b705a61447aacfbadb78a6f83bc5b5545358dbc57ef35f1231ffc7,f885129dca0a3edbc8144499c1c0d07d7440c191f3ef4dfd9c6f3a552b122ba9,a76306a9f4e5c57659df452d23a66504eb26dccbe6b351390a61050242ed2b1f,0,0,f5045dd74424efe25edaaebfa84802eeba5e8ca376816835f58145764a2efc01,f5045dd74424efe25edaaebfa84802eeba5e8ca376816835f58145764a2efc01,NA,NA,NA,NA,NA,NA,0x0.0p+0,0x0.0p+0,NA,NA,NA,NA,NA,NA,NA,NA,NA,false,true,true,attempt_declared
L1-D1.0,L1-MP-D1.0-REPLAY,35c44ca1df498ac517c3c9a9b8f691ee0ce8a4293f52b8a0262afce8438a62a3,MP-LC-02,L1-MP,safe_local,H2,1,EvaluateMaterial,discarded,discarded_candidate_1,L1-MP-1.0:safe_local,9b20bebde4b1ff5f1384d4b8db13b42bed8b64bdd9fecdde0261b473880a183f,f885129dca0a3edbc8144499c1c0d07d7440c191f3ef4dfd9c6f3a552b122ba9,a76306a9f4e5c57659df452d23a66504eb26dccbe6b351390a61050242ed2b1f,0,0,f5045dd74424efe25edaaebfa84802eeba5e8ca376816835f58145764a2efc01,f5045dd74424efe25edaaebfa84802eeba5e8ca376816835f58145764a2efc01,e128072b25812731a51b7dc9299d695db2da35434c435dfed56229efb892b18c,NA,NA,-0x1.eb851eb851eb8p-6,NA,NA,0x0.0p+0,0x0.0p+0,-0x1.2e8ba2e8ba2e9p+0,0x1.22e8ba2e8ba2fp+3,NA,NA,-0x1.29e4129e4129ep-6,0x1.29e4129e4129ep-6,accepted:0,accepted:0,NA,false,true,true,candidate_only
L1-D1.0,L1-MP-D1.0-REPLAY,35c44ca1df498ac517c3c9a9b8f691ee0ce8a4293f52b8a0262afce8438a62a3,MP-LC-02,L1-MP,safe_local,H2,2,EvaluateMaterial,discarded,discarded_candidate_2,L1-MP-1.0:safe_local,f7c194d2e5ce49c28ca73204ee086b0cc14928fcc608a3e8825564196c6c93e5,f885129dca0a3edbc8144499c1c0d07d7440c191f3ef4dfd9c6f3a552b122ba9,a76306a9f4e5c57659df452d23a66504eb26dccbe6b351390a61050242ed2b1f,0,0,f5045dd74424efe25edaaebfa84802eeba5e8ca376816835f58145764a2efc01,f5045dd74424efe25edaaebfa84802eeba5e8ca376816835f58145764a2efc01,9f1bca4829abac40c526b2355ee1851eb9d2c6cecd74fbd3d19b41b380dc057a,NA,NA,0x1.eb851eb851eb8p-6,NA,NA,0x0.0p+0,0x0.0p+0,0x1.2e8ba2e8ba2e9p+0,0x1.22e8ba2e8ba2fp+3,NA,NA,0x1.29e4129e4129ep-6,0x1.29e4129e4129ep-6,accepted:0,accepted:0,NA,false,true,true,candidate_only
L1-D1.0,L1-MP-D1.0-REPLAY,35c44ca1df498ac517c3c9a9b8f691ee0ce8a4293f52b8a0262afce8438a62a3,MP-LC-02,L1-MP,safe_local,H2,3,RejectAttempt,discarded,NA,L1-MP-1.0:safe_local,54d4a5739185578d259cd377b2bf83bf67044833d1e0d384e4515f4cab6b88d4,f885129dca0a3edbc8144499c1c0d07d7440c191f3ef4dfd9c6f3a552b122ba9,a76306a9f4e5c57659df452d23a66504eb26dccbe6b351390a61050242ed2b1f,0,0,f5045dd74424efe25edaaebfa84802eeba5e8ca376816835f58145764a2efc01,f5045dd74424efe25edaaebfa84802eeba5e8ca376816835f58145764a2efc01,NA,NA,NA,NA,NA,NA,0x0.0p+0,0x0.0p+0,NA,NA,NA,NA,NA,NA,NA,NA,NA,false,true,true,candidates_invalidated
L1-D1.0,L1-MP-D1.0-REPLAY,35c44ca1df498ac517c3c9a9b8f691ee0ce8a4293f52b8a0262afce8438a62a3,MP-LC-02,L1-MP,safe_local,H2,4,BeginAttempt,replay,NA,L1-MP-1.0:safe_local,dbd44e05de6f63f0bd80aa87c10a8c9d9e23cd1b48dab53f0b0c9f8c68afb6d4,f885129dca0a3edbc8144499c1c0d07d7440c191f3ef4dfd9c6f3a552b122ba9,a76306a9f4e5c57659df452d23a66504eb26dccbe6b351390a61050242ed2b1f,0,0,f5045dd74424efe25edaaebfa84802eeba5e8ca376816835f58145764a2efc01,f5045dd74424efe25edaaebfa84802eeba5e8ca376816835f58145764a2efc01,NA,NA,NA,NA,NA,NA,0x0.0p+0,0x0.0p+0,NA,NA,NA,NA,NA,NA,NA,NA,NA,false,true,true,attempt_declared
L1-D1.0,L1-MP-D1.0-REPLAY,35c44ca1df498ac517c3c9a9b8f691ee0ce8a4293f52b8a0262afce8438a62a3,MP-LC-02,L1-MP,safe_local,H2,5,EvaluateMaterial,replay,replay_candidate,L1-MP-1.0:safe_local,6a0a351a6ca73421a13854df54b907469235416ce505fc6203d60874cbcde10b,f885129dca0a3edbc8144499c1c0d07d7440c191f3ef4dfd9c6f3a552b122ba9,a76306a9f4e5c57659df452d23a66504eb26dccbe6b351390a61050242ed2b1f,0,0,f5045dd74424efe25edaaebfa84802eeba5e8ca376816835f58145764a2efc01,f5045dd74424efe25edaaebfa84802eeba5e8ca376816835f58145764a2efc01,df2e155fc0ebb331db592667fb957b08aae20b3a743afb4430ec56d667db3cb9,NA,NA,0x1.47ae147ae147bp-8,NA,NA,0x0.0p+0,0x0.0p+0,0x1.0000000000000p-1,0x1.9000000000000p+6,NA,NA,0x0.0p+0,0x0.0p+0,accepted:0,accepted:0,NA,false,true,true,candidate_only
L1-D1.0,L1-MP-D1.0-REPLAY,35c44ca1df498ac517c3c9a9b8f691ee0ce8a4293f52b8a0262afce8438a62a3,MP-LC-02,L1-MP,safe_local,H2,6,RejectAttempt,replay,NA,L1-MP-1.0:safe_local,ed8c4598a59030df2300c85abb5568e765a4fa4821b3429fe9e0a61a955a7de2,f885129dca0a3edbc8144499c1c0d07d7440c191f3ef4dfd9c6f3a552b122ba9,a76306a9f4e5c57659df452d23a66504eb26dccbe6b351390a61050242ed2b1f,0,0,f5045dd74424efe25edaaebfa84802eeba5e8ca376816835f58145764a2efc01,f5045dd74424efe25edaaebfa84802eeba5e8ca376816835f58145764a2efc01,NA,NA,NA,NA,NA,NA,0x0.0p+0,0x0.0p+0,NA,NA,NA,NA,NA,NA,NA,NA,NA,false,true,true,candidates_invalidated
L1-D1.0,L1-MP-D1.0-REPLAY,35c44ca1df498ac517c3c9a9b8f691ee0ce8a4293f52b8a0262afce8438a62a3,MP-LC-02,L1-MP,safe_transactional,H1,0,BeginAttempt,discarded,NA,L1-MP-1.0:safe_transactional,022853e0a2d3b83edd484c940c3177ea177c10462843b741435fef5a048004de,f885129dca0a3edbc8144499c1c0d07d7440c191f3ef4dfd9c6f3a552b122ba9,a76306a9f4e5c57659df452d23a66504eb26dccbe6b351390a61050242ed2b1f,0,0,f5045dd74424efe25edaaebfa84802eeba5e8ca376816835f58145764a2efc01,f5045dd74424efe25edaaebfa84802eeba5e8ca376816835f58145764a2efc01,NA,NA,NA,NA,NA,NA,0x0.0p+0,0x0.0p+0,NA,NA,NA,NA,NA,NA,NA,NA,NA,false,true,true,attempt_declared
L1-D1.0,L1-MP-D1.0-REPLAY,35c44ca1df498ac517c3c9a9b8f691ee0ce8a4293f52b8a0262afce8438a62a3,MP-LC-02,L1-MP,safe_transactional,H1,1,EvaluateMaterial,discarded,discarded_candidate_1,L1-MP-1.0:safe_transactional,03a70f63115e48996ed3d816dbeb8e5a824526417ad9f0946d86cce849b9978f,f885129dca0a3edbc8144499c1c0d07d7440c191f3ef4dfd9c6f3a552b122ba9,a76306a9f4e5c57659df452d23a66504eb26dccbe6b351390a61050242ed2b1f,0,0,f5045dd74424efe25edaaebfa84802eeba5e8ca376816835f58145764a2efc01,f5045dd74424efe25edaaebfa84802eeba5e8ca376816835f58145764a2efc01,8342d992a4f385082e4cb41c3f9dc9503b362111e7e58225f056d038e0f730b6,NA,NA,0x1.eb851eb851eb8p-6,NA,NA,0x0.0p+0,0x0.0p+0,0x1.2e8ba2e8ba2e9p+0,0x1.22e8ba2e8ba2fp+3,NA,NA,0x1.29e4129e4129ep-6,0x1.29e4129e4129ep-6,accepted:0,accepted:0,NA,true,true,true,candidate_only
L1-D1.0,L1-MP-D1.0-REPLAY,35c44ca1df498ac517c3c9a9b8f691ee0ce8a4293f52b8a0262afce8438a62a3,MP-LC-02,L1-MP,safe_transactional,H1,2,EvaluateMaterial,discarded,discarded_candidate_2,L1-MP-1.0:safe_transactional,6bc1c2ba17f4a886e9ed015c2959717dbc15ac5f365434947347e7ceb80e6c56,f885129dca0a3edbc8144499c1c0d07d7440c191f3ef4dfd9c6f3a552b122ba9,a76306a9f4e5c57659df452d23a66504eb26dccbe6b351390a61050242ed2b1f,0,0,f5045dd74424efe25edaaebfa84802eeba5e8ca376816835f58145764a2efc01,f5045dd74424efe25edaaebfa84802eeba5e8ca376816835f58145764a2efc01,66c9c36ca117b3d0370792f514c523c4fa39e552f668b12c5c90e9ee3827b735,NA,NA,-0x1.eb851eb851eb8p-6,NA,NA,0x0.0p+0,0x0.0p+0,-0x1.2e8ba2e8ba2e9p+0,0x1.22e8ba2e8ba2fp+3,NA,NA,-0x1.29e4129e4129ep-6,0x1.29e4129e4129ep-6,accepted:0,accepted:0,NA,true,true,true,candidate_only
L1-D1.0,L1-MP-D1.0-REPLAY,35c44ca1df498ac517c3c9a9b8f691ee0ce8a4293f52b8a0262afce8438a62a3,MP-LC-02,L1-MP,safe_transactional,H1,3,RejectAttempt,discarded,NA,L1-MP-1.0:safe_transactional,d5ec27d38959e23ed44dec6193e0fa8cee196835a124a674edc61fed75f18687,f885129dca0a3edbc8144499c1c0d07d7440c191f3ef4dfd9c6f3a552b122ba9,a76306a9f4e5c57659df452d23a66504eb26dccbe6b351390a61050242ed2b1f,0,0,f5045dd74424efe25edaaebfa84802eeba5e8ca376816835f58145764a2efc01,f5045dd74424efe25edaaebfa84802eeba5e8ca376816835f58145764a2efc01,NA,NA,NA,NA,NA,NA,0x0.0p+0,0x0.0p+0,NA,NA,NA,NA,NA,NA,NA,NA,NA,false,true,true,candidates_invalidated
L1-D1.0,L1-MP-D1.0-REPLAY,35c44ca1df498ac517c3c9a9b8f691ee0ce8a4293f52b8a0262afce8438a62a3,MP-LC-02,L1-MP,safe_transactional,H1,4,BeginAttempt,replay,NA,L1-MP-1.0:safe_transactional,a2084e5b0572754415bf8c224f91ca2258f630b9977f3d2cad107977d31c228f,f885129dca0a3edbc8144499c1c0d07d7440c191f3ef4dfd9c6f3a552b122ba9,a76306a9f4e5c57659df452d23a66504eb26dccbe6b351390a61050242ed2b1f,0,0,f5045dd74424efe25edaaebfa84802eeba5e8ca376816835f58145764a2efc01,f5045dd74424efe25edaaebfa84802eeba5e8ca376816835f58145764a2efc01,NA,NA,NA,NA,NA,NA,0x0.0p+0,0x0.0p+0,NA,NA,NA,NA,NA,NA,NA,NA,NA,false,true,true,attempt_declared
L1-D1.0,L1-MP-D1.0-REPLAY,35c44ca1df498ac517c3c9a9b8f691ee0ce8a4293f52b8a0262afce8438a62a3,MP-LC-02,L1-MP,safe_transactional,H1,5,EvaluateMaterial,replay,replay_candidate,L1-MP-1.0:safe_transactional,de7beebf6551c975a3a40552b00fb5362545e1d2d1ce9ba1f75e703f4110acc7,f885129dca0a3edbc8144499c1c0d07d7440c191f3ef4dfd9c6f3a552b122ba9,a76306a9f4e5c57659df452d23a66504eb26dccbe6b351390a61050242ed2b1f,0,0,f5045dd74424efe25edaaebfa84802eeba5e8ca376816835f58145764a2efc01,f5045dd74424efe25edaaebfa84802eeba5e8ca376816835f58145764a2efc01,df2e155fc0ebb331db592667fb957b08aae20b3a743afb4430ec56d667db3cb9,NA,NA,0x1.47ae147ae147bp-8,NA,NA,0x0.0p+0,0x0.0p+0,0x1.0000000000000p-1,0x1.9000000000000p+6,NA,NA,0x0.0p+0,0x0.0p+0,accepted:0,accepted:0,NA,true,true,true,candidate_only
L1-D1.0,L1-MP-D1.0-REPLAY,35c44ca1df498ac517c3c9a9b8f691ee0ce8a4293f52b8a0262afce8438a62a3,MP-LC-02,L1-MP,safe_transactional,H1,6,RejectAttempt,replay,NA,L1-MP-1.0:safe_transactional,d38178645338d0687d7115da7ca71fd9a37c102f822c219b235741fb8b78bd10,f885129dca0a3edbc8144499c1c0d07d7440c191f3ef4dfd9c6f3a552b122ba9,a76306a9f4e5c57659df452d23a66504eb26dccbe6b351390a61050242ed2b1f,0,0,f5045dd74424efe25edaaebfa84802eeba5e8ca376816835f58145764a2efc01,f5045dd74424efe25edaaebfa84802eeba5e8ca376816835f58145764a2efc01,NA,NA,NA,NA,NA,NA,0x0.0p+0,0x0.0p+0,NA,NA,NA,NA,NA,NA,NA,NA,NA,false,true,true,candidates_invalidated
L1-D1.0,L1-MP-D1.0-REPLAY,35c44ca1df498ac517c3c9a9b8f691ee0ce8a4293f52b8a0262afce8438a62a3,MP-LC-02,L1-MP,safe_transactional,H2,0,BeginAttempt,discarded,NA,L1-MP-1.0:safe_transactional,022853e0a2d3b83edd484c940c3177ea177c10462843b741435fef5a048004de,f885129dca0a3edbc8144499c1c0d07d7440c191f3ef4dfd9c6f3a552b122ba9,a76306a9f4e5c57659df452d23a66504eb26dccbe6b351390a61050242ed2b1f,0,0,f5045dd74424efe25edaaebfa84802eeba5e8ca376816835f58145764a2efc01,f5045dd74424efe25edaaebfa84802eeba5e8ca376816835f58145764a2efc01,NA,NA,NA,NA,NA,NA,0x0.0p+0,0x0.0p+0,NA,NA,NA,NA,NA,NA,NA,NA,NA,false,true,true,attempt_declared
L1-D1.0,L1-MP-D1.0-REPLAY,35c44ca1df498ac517c3c9a9b8f691ee0ce8a4293f52b8a0262afce8438a62a3,MP-LC-02,L1-MP,safe_transactional,H2,1,EvaluateMaterial,discarded,discarded_candidate_1,L1-MP-1.0:safe_transactional,880ef3dfd18f0709a5553c190d2636bb7aecd25a65d053667d162f21e79a780d,f885129dca0a3edbc8144499c1c0d07d7440c191f3ef4dfd9c6f3a552b122ba9,a76306a9f4e5c57659df452d23a66504eb26dccbe6b351390a61050242ed2b1f,0,0,f5045dd74424efe25edaaebfa84802eeba5e8ca376816835f58145764a2efc01,f5045dd74424efe25edaaebfa84802eeba5e8ca376816835f58145764a2efc01,e128072b25812731a51b7dc9299d695db2da35434c435dfed56229efb892b18c,NA,NA,-0x1.eb851eb851eb8p-6,NA,NA,0x0.0p+0,0x0.0p+0,-0x1.2e8ba2e8ba2e9p+0,0x1.22e8ba2e8ba2fp+3,NA,NA,-0x1.29e4129e4129ep-6,0x1.29e4129e4129ep-6,accepted:0,accepted:0,NA,true,true,true,candidate_only
L1-D1.0,L1-MP-D1.0-REPLAY,35c44ca1df498ac517c3c9a9b8f691ee0ce8a4293f52b8a0262afce8438a62a3,MP-LC-02,L1-MP,safe_transactional,H2,2,EvaluateMaterial,discarded,discarded_candidate_2,L1-MP-1.0:safe_transactional,23048013b7fe40b7996acf6746727a27fe9a3703f1e05328a0113d089b63c0e2,f885129dca0a3edbc8144499c1c0d07d7440c191f3ef4dfd9c6f3a552b122ba9,a76306a9f4e5c57659df452d23a66504eb26dccbe6b351390a61050242ed2b1f,0,0,f5045dd74424efe25edaaebfa84802eeba5e8ca376816835f58145764a2efc01,f5045dd74424efe25edaaebfa84802eeba5e8ca376816835f58145764a2efc01,9f1bca4829abac40c526b2355ee1851eb9d2c6cecd74fbd3d19b41b380dc057a,NA,NA,0x1.eb851eb851eb8p-6,NA,NA,0x0.0p+0,0x0.0p+0,0x1.2e8ba2e8ba2e9p+0,0x1.22e8ba2e8ba2fp+3,NA,NA,0x1.29e4129e4129ep-6,0x1.29e4129e4129ep-6,accepted:0,accepted:0,NA,true,true,true,candidate_only
L1-D1.0,L1-MP-D1.0-REPLAY,35c44ca1df498ac517c3c9a9b8f691ee0ce8a4293f52b8a0262afce8438a62a3,MP-LC-02,L1-MP,safe_transactional,H2,3,RejectAttempt,discarded,NA,L1-MP-1.0:safe_transactional,d5ec27d38959e23ed44dec6193e0fa8cee196835a124a674edc61fed75f18687,f885129dca0a3edbc8144499c1c0d07d7440c191f3ef4dfd9c6f3a552b122ba9,a76306a9f4e5c57659df452d23a66504eb26dccbe6b351390a61050242ed2b1f,0,0,f5045dd74424efe25edaaebfa84802eeba5e8ca376816835f58145764a2efc01,f5045dd74424efe25edaaebfa84802eeba5e8ca376816835f58145764a2efc01,NA,NA,NA,NA,NA,NA,0x0.0p+0,0x0.0p+0,NA,NA,NA,NA,NA,NA,NA,NA,NA,false,true,true,candidates_invalidated
L1-D1.0,L1-MP-D1.0-REPLAY,35c44ca1df498ac517c3c9a9b8f691ee0ce8a4293f52b8a0262afce8438a62a3,MP-LC-02,L1-MP,safe_transactional,H2,4,BeginAttempt,replay,NA,L1-MP-1.0:safe_transactional,a2084e5b0572754415bf8c224f91ca2258f630b9977f3d2cad107977d31c228f,f885129dca0a3edbc8144499c1c0d07d7440c191f3ef4dfd9c6f3a552b122ba9,a76306a9f4e5c57659df452d23a66504eb26dccbe6b351390a61050242ed2b1f,0,0,f5045dd74424efe25edaaebfa84802eeba5e8ca376816835f58145764a2efc01,f5045dd74424efe25edaaebfa84802eeba5e8ca376816835f58145764a2efc01,NA,NA,NA,NA,NA,NA,0x0.0p+0,0x0.0p+0,NA,NA,NA,NA,NA,NA,NA,NA,NA,false,true,true,attempt_declared
L1-D1.0,L1-MP-D1.0-REPLAY,35c44ca1df498ac517c3c9a9b8f691ee0ce8a4293f52b8a0262afce8438a62a3,MP-LC-02,L1-MP,safe_transactional,H2,5,EvaluateMaterial,replay,replay_candidate,L1-MP-1.0:safe_transactional,de7beebf6551c975a3a40552b00fb5362545e1d2d1ce9ba1f75e703f4110acc7,f885129dca0a3edbc8144499c1c0d07d7440c191f3ef4dfd9c6f3a552b122ba9,a76306a9f4e5c57659df452d23a66504eb26dccbe6b351390a61050242ed2b1f,0,0,f5045dd74424efe25edaaebfa84802eeba5e8ca376816835f58145764a2efc01,f5045dd74424efe25edaaebfa84802eeba5e8ca376816835f58145764a2efc01,df2e155fc0ebb331db592667fb957b08aae20b3a743afb4430ec56d667db3cb9,NA,NA,0x1.47ae147ae147bp-8,NA,NA,0x0.0p+0,0x0.0p+0,0x1.0000000000000p-1,0x1.9000000000000p+6,NA,NA,0x0.0p+0,0x0.0p+0,accepted:0,accepted:0,NA,true,true,true,candidate_only
L1-D1.0,L1-MP-D1.0-REPLAY,35c44ca1df498ac517c3c9a9b8f691ee0ce8a4293f52b8a0262afce8438a62a3,MP-LC-02,L1-MP,safe_transactional,H2,6,RejectAttempt,replay,NA,L1-MP-1.0:safe_transactional,d38178645338d0687d7115da7ca71fd9a37c102f822c219b235741fb8b78bd10,f885129dca0a3edbc8144499c1c0d07d7440c191f3ef4dfd9c6f3a552b122ba9,a76306a9f4e5c57659df452d23a66504eb26dccbe6b351390a61050242ed2b1f,0,0,f5045dd74424efe25edaaebfa84802eeba5e8ca376816835f58145764a2efc01,f5045dd74424efe25edaaebfa84802eeba5e8ca376816835f58145764a2efc01,NA,NA,NA,NA,NA,NA,0x0.0p+0,0x0.0p+0,NA,NA,NA,NA,NA,NA,NA,NA,NA,false,true,true,candidates_invalidated
L1-D1.0,L1-MP-D1.0-REPLAY,35c44ca1df498ac517c3c9a9b8f691ee0ce8a4293f52b8a0262afce8438a62a3,MP-LC-03,L1-MP,safe_local,H1,0,BeginAttempt,discarded,NA,L1-MP-1.0:safe_local,511380c7518532037fa2ad036b599207a001cfe5a765e47e3f438d3c951bc642,f885129dca0a3edbc8144499c1c0d07d7440c191f3ef4dfd9c6f3a552b122ba9,a76306a9f4e5c57659df452d23a66504eb26dccbe6b351390a61050242ed2b1f,0,0,f5045dd74424efe25edaaebfa84802eeba5e8ca376816835f58145764a2efc01,f5045dd74424efe25edaaebfa84802eeba5e8ca376816835f58145764a2efc01,NA,NA,NA,NA,NA,NA,0x0.0p+0,0x0.0p+0,NA,NA,NA,NA,NA,NA,NA,NA,NA,false,true,true,attempt_declared
L1-D1.0,L1-MP-D1.0-REPLAY,35c44ca1df498ac517c3c9a9b8f691ee0ce8a4293f52b8a0262afce8438a62a3,MP-LC-03,L1-MP,safe_local,H1,1,EvaluateMaterial,discarded,discarded_candidate_1,L1-MP-1.0:safe_local,5e7cd41dbaea70098c88c8b1df3f587469fdb0626a4dd319fa4771583188ea5d,f885129dca0a3edbc8144499c1c0d07d7440c191f3ef4dfd9c6f3a552b122ba9,a76306a9f4e5c57659df452d23a66504eb26dccbe6b351390a61050242ed2b1f,0,0,f5045dd74424efe25edaaebfa84802eeba5e8ca376816835f58145764a2efc01,f5045dd74424efe25edaaebfa84802eeba5e8ca376816835f58145764a2efc01,8342d992a4f385082e4cb41c3f9dc9503b362111e7e58225f056d038e0f730b6,NA,NA,0x1.eb851eb851eb8p-6,NA,NA,0x0.0p+0,0x0.0p+0,0x1.2e8ba2e8ba2e9p+0,0x1.22e8ba2e8ba2fp+3,NA,NA,0x1.29e4129e4129ep-6,0x1.29e4129e4129ep-6,accepted:0,accepted:0,NA,false,true,true,candidate_only
L1-D1.0,L1-MP-D1.0-REPLAY,35c44ca1df498ac517c3c9a9b8f691ee0ce8a4293f52b8a0262afce8438a62a3,MP-LC-03,L1-MP,safe_local,H1,2,RejectAttempt,discarded,NA,L1-MP-1.0:safe_local,80adcd424f766dee1467fe94eeb3569f91750d97a24f55511381f97edc1654b3,f885129dca0a3edbc8144499c1c0d07d7440c191f3ef4dfd9c6f3a552b122ba9,a76306a9f4e5c57659df452d23a66504eb26dccbe6b351390a61050242ed2b1f,0,0,f5045dd74424efe25edaaebfa84802eeba5e8ca376816835f58145764a2efc01,f5045dd74424efe25edaaebfa84802eeba5e8ca376816835f58145764a2efc01,NA,NA,NA,NA,NA,NA,0x0.0p+0,0x0.0p+0,NA,NA,NA,NA,NA,NA,NA,NA,NA,false,true,true,candidates_invalidated
L1-D1.0,L1-MP-D1.0-REPLAY,35c44ca1df498ac517c3c9a9b8f691ee0ce8a4293f52b8a0262afce8438a62a3,MP-LC-03,L1-MP,safe_local,H1,3,BeginAttempt,replay,NA,L1-MP-1.0:safe_local,e6c780a699499ff97fdec59f1ca5830c494306ca0b7490c75814d6e9bce5adc7,f885129dca0a3edbc8144499c1c0d07d7440c191f3ef4dfd9c6f3a552b122ba9,a76306a9f4e5c57659df452d23a66504eb26dccbe6b351390a61050242ed2b1f,0,0,f5045dd74424efe25edaaebfa84802eeba5e8ca376816835f58145764a2efc01,f5045dd74424efe25edaaebfa84802eeba5e8ca376816835f58145764a2efc01,NA,NA,NA,NA,NA,NA,0x0.0p+0,0x0.0p+0,NA,NA,NA,NA,NA,NA,NA,NA,NA,false,true,true,attempt_declared
L1-D1.0,L1-MP-D1.0-REPLAY,35c44ca1df498ac517c3c9a9b8f691ee0ce8a4293f52b8a0262afce8438a62a3,MP-LC-03,L1-MP,safe_local,H1,4,EvaluateMaterial,replay,replay_candidate,L1-MP-1.0:safe_local,21a2868f4a20f2c759350440b5af413739294e7774220ab85e16c1e22dae82bb,f885129dca0a3edbc8144499c1c0d07d7440c191f3ef4dfd9c6f3a552b122ba9,a76306a9f4e5c57659df452d23a66504eb26dccbe6b351390a61050242ed2b1f,0,0,f5045dd74424efe25edaaebfa84802eeba5e8ca376816835f58145764a2efc01,f5045dd74424efe25edaaebfa84802eeba5e8ca376816835f58145764a2efc01,dd38fbdfa5f7e7f3382453e37a4c4dcc8062d390836752ba088b98b032965b14,NA,NA,0x1.eb851eb851eb8p-6,NA,NA,0x0.0p+0,0x0.0p+0,0x1.2e8ba2e8ba2e9p+0,0x1.22e8ba2e8ba2fp+3,NA,NA,0x1.29e4129e4129ep-6,0x1.29e4129e4129ep-6,accepted:0,accepted:0,NA,false,true,true,candidate_only
L1-D1.0,L1-MP-D1.0-REPLAY,35c44ca1df498ac517c3c9a9b8f691ee0ce8a4293f52b8a0262afce8438a62a3,MP-LC-03,L1-MP,safe_local,H1,5,RejectAttempt,replay,NA,L1-MP-1.0:safe_local,6f44cebfe02de1b00a9ae84c83531955a071b3b54ff74fde06ce6cb34b95cbdd,f885129dca0a3edbc8144499c1c0d07d7440c191f3ef4dfd9c6f3a552b122ba9,a76306a9f4e5c57659df452d23a66504eb26dccbe6b351390a61050242ed2b1f,0,0,f5045dd74424efe25edaaebfa84802eeba5e8ca376816835f58145764a2efc01,f5045dd74424efe25edaaebfa84802eeba5e8ca376816835f58145764a2efc01,NA,NA,NA,NA,NA,NA,0x0.0p+0,0x0.0p+0,NA,NA,NA,NA,NA,NA,NA,NA,NA,false,true,true,candidates_invalidated
L1-D1.0,L1-MP-D1.0-REPLAY,35c44ca1df498ac517c3c9a9b8f691ee0ce8a4293f52b8a0262afce8438a62a3,MP-LC-03,L1-MP,safe_local,H2,0,BeginAttempt,discarded,NA,L1-MP-1.0:safe_local,511380c7518532037fa2ad036b599207a001cfe5a765e47e3f438d3c951bc642,f885129dca0a3edbc8144499c1c0d07d7440c191f3ef4dfd9c6f3a552b122ba9,a76306a9f4e5c57659df452d23a66504eb26dccbe6b351390a61050242ed2b1f,0,0,f5045dd74424efe25edaaebfa84802eeba5e8ca376816835f58145764a2efc01,f5045dd74424efe25edaaebfa84802eeba5e8ca376816835f58145764a2efc01,NA,NA,NA,NA,NA,NA,0x0.0p+0,0x0.0p+0,NA,NA,NA,NA,NA,NA,NA,NA,NA,false,true,true,attempt_declared
L1-D1.0,L1-MP-D1.0-REPLAY,35c44ca1df498ac517c3c9a9b8f691ee0ce8a4293f52b8a0262afce8438a62a3,MP-LC-03,L1-MP,safe_local,H2,1,EvaluateMaterial,discarded,discarded_candidate_1,L1-MP-1.0:safe_local,5e7cd41dbaea70098c88c8b1df3f587469fdb0626a4dd319fa4771583188ea5d,f885129dca0a3edbc8144499c1c0d07d7440c191f3ef4dfd9c6f3a552b122ba9,a76306a9f4e5c57659df452d23a66504eb26dccbe6b351390a61050242ed2b1f,0,0,f5045dd74424efe25edaaebfa84802eeba5e8ca376816835f58145764a2efc01,f5045dd74424efe25edaaebfa84802eeba5e8ca376816835f58145764a2efc01,8342d992a4f385082e4cb41c3f9dc9503b362111e7e58225f056d038e0f730b6,NA,NA,0x1.eb851eb851eb8p-6,NA,NA,0x0.0p+0,0x0.0p+0,0x1.2e8ba2e8ba2e9p+0,0x1.22e8ba2e8ba2fp+3,NA,NA,0x1.29e4129e4129ep-6,0x1.29e4129e4129ep-6,accepted:0,accepted:0,NA,false,true,true,candidate_only
L1-D1.0,L1-MP-D1.0-REPLAY,35c44ca1df498ac517c3c9a9b8f691ee0ce8a4293f52b8a0262afce8438a62a3,MP-LC-03,L1-MP,safe_local,H2,2,EvaluateMaterial,discarded,discarded_candidate_2,L1-MP-1.0:safe_local,ba5a6efdb16dcb38d3e6b32b36a6d000635fdcbd8773aadaf422c97bad65bd04,f885129dca0a3edbc8144499c1c0d07d7440c191f3ef4dfd9c6f3a552b122ba9,a76306a9f4e5c57659df452d23a66504eb26dccbe6b351390a61050242ed2b1f,0,0,f5045dd74424efe25edaaebfa84802eeba5e8ca376816835f58145764a2efc01,f5045dd74424efe25edaaebfa84802eeba5e8ca376816835f58145764a2efc01,9f1bca4829abac40c526b2355ee1851eb9d2c6cecd74fbd3d19b41b380dc057a,NA,NA,0x1.eb851eb851eb8p-6,NA,NA,0x0.0p+0,0x0.0p+0,0x1.2e8ba2e8ba2e9p+0,0x1.22e8ba2e8ba2fp+3,NA,NA,0x1.29e4129e4129ep-6,0x1.29e4129e4129ep-6,accepted:0,accepted:0,NA,false,true,true,candidate_only
L1-D1.0,L1-MP-D1.0-REPLAY,35c44ca1df498ac517c3c9a9b8f691ee0ce8a4293f52b8a0262afce8438a62a3,MP-LC-03,L1-MP,safe_local,H2,3,RejectAttempt,discarded,NA,L1-MP-1.0:safe_local,80adcd424f766dee1467fe94eeb3569f91750d97a24f55511381f97edc1654b3,f885129dca0a3edbc8144499c1c0d07d7440c191f3ef4dfd9c6f3a552b122ba9,a76306a9f4e5c57659df452d23a66504eb26dccbe6b351390a61050242ed2b1f,0,0,f5045dd74424efe25edaaebfa84802eeba5e8ca376816835f58145764a2efc01,f5045dd74424efe25edaaebfa84802eeba5e8ca376816835f58145764a2efc01,NA,NA,NA,NA,NA,NA,0x0.0p+0,0x0.0p+0,NA,NA,NA,NA,NA,NA,NA,NA,NA,false,true,true,candidates_invalidated
L1-D1.0,L1-MP-D1.0-REPLAY,35c44ca1df498ac517c3c9a9b8f691ee0ce8a4293f52b8a0262afce8438a62a3,MP-LC-03,L1-MP,safe_local,H2,4,BeginAttempt,replay,NA,L1-MP-1.0:safe_local,e6c780a699499ff97fdec59f1ca5830c494306ca0b7490c75814d6e9bce5adc7,f885129dca0a3edbc8144499c1c0d07d7440c191f3ef4dfd9c6f3a552b122ba9,a76306a9f4e5c57659df452d23a66504eb26dccbe6b351390a61050242ed2b1f,0,0,f5045dd74424efe25edaaebfa84802eeba5e8ca376816835f58145764a2efc01,f5045dd74424efe25edaaebfa84802eeba5e8ca376816835f58145764a2efc01,NA,NA,NA,NA,NA,NA,0x0.0p+0,0x0.0p+0,NA,NA,NA,NA,NA,NA,NA,NA,NA,false,true,true,attempt_declared
L1-D1.0,L1-MP-D1.0-REPLAY,35c44ca1df498ac517c3c9a9b8f691ee0ce8a4293f52b8a0262afce8438a62a3,MP-LC-03,L1-MP,safe_local,H2,5,EvaluateMaterial,replay,replay_candidate,L1-MP-1.0:safe_local,21a2868f4a20f2c759350440b5af413739294e7774220ab85e16c1e22dae82bb,f885129dca0a3edbc8144499c1c0d07d7440c191f3ef4dfd9c6f3a552b122ba9,a76306a9f4e5c57659df452d23a66504eb26dccbe6b351390a61050242ed2b1f,0,0,f5045dd74424efe25edaaebfa84802eeba5e8ca376816835f58145764a2efc01,f5045dd74424efe25edaaebfa84802eeba5e8ca376816835f58145764a2efc01,ee07591b69cc4aefdac862a1767deaf7fbb414f54f6592d5d711b900b7d5d4e4,NA,NA,0x1.eb851eb851eb8p-6,NA,NA,0x0.0p+0,0x0.0p+0,0x1.2e8ba2e8ba2e9p+0,0x1.22e8ba2e8ba2fp+3,NA,NA,0x1.29e4129e4129ep-6,0x1.29e4129e4129ep-6,accepted:0,accepted:0,NA,false,true,true,candidate_only
L1-D1.0,L1-MP-D1.0-REPLAY,35c44ca1df498ac517c3c9a9b8f691ee0ce8a4293f52b8a0262afce8438a62a3,MP-LC-03,L1-MP,safe_local,H2,6,RejectAttempt,replay,NA,L1-MP-1.0:safe_local,6f44cebfe02de1b00a9ae84c83531955a071b3b54ff74fde06ce6cb34b95cbdd,f885129dca0a3edbc8144499c1c0d07d7440c191f3ef4dfd9c6f3a552b122ba9,a76306a9f4e5c57659df452d23a66504eb26dccbe6b351390a61050242ed2b1f,0,0,f5045dd74424efe25edaaebfa84802eeba5e8ca376816835f58145764a2efc01,f5045dd74424efe25edaaebfa84802eeba5e8ca376816835f58145764a2efc01,NA,NA,NA,NA,NA,NA,0x0.0p+0,0x0.0p+0,NA,NA,NA,NA,NA,NA,NA,NA,NA,false,true,true,candidates_invalidated
L1-D1.0,L1-MP-D1.0-REPLAY,35c44ca1df498ac517c3c9a9b8f691ee0ce8a4293f52b8a0262afce8438a62a3,MP-LC-03,L1-MP,safe_transactional,H1,0,BeginAttempt,discarded,NA,L1-MP-1.0:safe_transactional,24d13150dae8566d44cde3895683e94feec3b9b7760049916da71b6fad00be85,f885129dca0a3edbc8144499c1c0d07d7440c191f3ef4dfd9c6f3a552b122ba9,a76306a9f4e5c57659df452d23a66504eb26dccbe6b351390a61050242ed2b1f,0,0,f5045dd74424efe25edaaebfa84802eeba5e8ca376816835f58145764a2efc01,f5045dd74424efe25edaaebfa84802eeba5e8ca376816835f58145764a2efc01,NA,NA,NA,NA,NA,NA,0x0.0p+0,0x0.0p+0,NA,NA,NA,NA,NA,NA,NA,NA,NA,false,true,true,attempt_declared
L1-D1.0,L1-MP-D1.0-REPLAY,35c44ca1df498ac517c3c9a9b8f691ee0ce8a4293f52b8a0262afce8438a62a3,MP-LC-03,L1-MP,safe_transactional,H1,1,EvaluateMaterial,discarded,discarded_candidate_1,L1-MP-1.0:safe_transactional,a2c76fdf868221569e257d817202e14eede44b757a3204bdccf4a1cac3dce69b,f885129dca0a3edbc8144499c1c0d07d7440c191f3ef4dfd9c6f3a552b122ba9,a76306a9f4e5c57659df452d23a66504eb26dccbe6b351390a61050242ed2b1f,0,0,f5045dd74424efe25edaaebfa84802eeba5e8ca376816835f58145764a2efc01,f5045dd74424efe25edaaebfa84802eeba5e8ca376816835f58145764a2efc01,8342d992a4f385082e4cb41c3f9dc9503b362111e7e58225f056d038e0f730b6,NA,NA,0x1.eb851eb851eb8p-6,NA,NA,0x0.0p+0,0x0.0p+0,0x1.2e8ba2e8ba2e9p+0,0x1.22e8ba2e8ba2fp+3,NA,NA,0x1.29e4129e4129ep-6,0x1.29e4129e4129ep-6,accepted:0,accepted:0,NA,true,true,true,candidate_only
L1-D1.0,L1-MP-D1.0-REPLAY,35c44ca1df498ac517c3c9a9b8f691ee0ce8a4293f52b8a0262afce8438a62a3,MP-LC-03,L1-MP,safe_transactional,H1,2,RejectAttempt,discarded,NA,L1-MP-1.0:safe_transactional,afcfc99b1dbc05f322620ad1b920d433284329d072ada126680878face45a784,f885129dca0a3edbc8144499c1c0d07d7440c191f3ef4dfd9c6f3a552b122ba9,a76306a9f4e5c57659df452d23a66504eb26dccbe6b351390a61050242ed2b1f,0,0,f5045dd74424efe25edaaebfa84802eeba5e8ca376816835f58145764a2efc01,f5045dd74424efe25edaaebfa84802eeba5e8ca376816835f58145764a2efc01,NA,NA,NA,NA,NA,NA,0x0.0p+0,0x0.0p+0,NA,NA,NA,NA,NA,NA,NA,NA,NA,false,true,true,candidates_invalidated
L1-D1.0,L1-MP-D1.0-REPLAY,35c44ca1df498ac517c3c9a9b8f691ee0ce8a4293f52b8a0262afce8438a62a3,MP-LC-03,L1-MP,safe_transactional,H1,3,BeginAttempt,replay,NA,L1-MP-1.0:safe_transactional,6137a0f31a4540b5c650b432c949fec7fd847ea6b0c4feeb5201cdd137c84d46,f885129dca0a3edbc8144499c1c0d07d7440c191f3ef4dfd9c6f3a552b122ba9,a76306a9f4e5c57659df452d23a66504eb26dccbe6b351390a61050242ed2b1f,0,0,f5045dd74424efe25edaaebfa84802eeba5e8ca376816835f58145764a2efc01,f5045dd74424efe25edaaebfa84802eeba5e8ca376816835f58145764a2efc01,NA,NA,NA,NA,NA,NA,0x0.0p+0,0x0.0p+0,NA,NA,NA,NA,NA,NA,NA,NA,NA,false,true,true,attempt_declared
L1-D1.0,L1-MP-D1.0-REPLAY,35c44ca1df498ac517c3c9a9b8f691ee0ce8a4293f52b8a0262afce8438a62a3,MP-LC-03,L1-MP,safe_transactional,H1,4,EvaluateMaterial,replay,replay_candidate,L1-MP-1.0:safe_transactional,c8d78579339e9e7c8a8cf03f8c5df8c6a1feb7ed9b28750c163e2864653a46a7,f885129dca0a3edbc8144499c1c0d07d7440c191f3ef4dfd9c6f3a552b122ba9,a76306a9f4e5c57659df452d23a66504eb26dccbe6b351390a61050242ed2b1f,0,0,f5045dd74424efe25edaaebfa84802eeba5e8ca376816835f58145764a2efc01,f5045dd74424efe25edaaebfa84802eeba5e8ca376816835f58145764a2efc01,dd38fbdfa5f7e7f3382453e37a4c4dcc8062d390836752ba088b98b032965b14,NA,NA,0x1.eb851eb851eb8p-6,NA,NA,0x0.0p+0,0x0.0p+0,0x1.2e8ba2e8ba2e9p+0,0x1.22e8ba2e8ba2fp+3,NA,NA,0x1.29e4129e4129ep-6,0x1.29e4129e4129ep-6,accepted:0,accepted:0,NA,true,true,true,candidate_only
L1-D1.0,L1-MP-D1.0-REPLAY,35c44ca1df498ac517c3c9a9b8f691ee0ce8a4293f52b8a0262afce8438a62a3,MP-LC-03,L1-MP,safe_transactional,H1,5,RejectAttempt,replay,NA,L1-MP-1.0:safe_transactional,08cc195e16ab20eca4b835aa299ca5ae87cbe779d316e9a838b9e7bd7859cebc,f885129dca0a3edbc8144499c1c0d07d7440c191f3ef4dfd9c6f3a552b122ba9,a76306a9f4e5c57659df452d23a66504eb26dccbe6b351390a61050242ed2b1f,0,0,f5045dd74424efe25edaaebfa84802eeba5e8ca376816835f58145764a2efc01,f5045dd74424efe25edaaebfa84802eeba5e8ca376816835f58145764a2efc01,NA,NA,NA,NA,NA,NA,0x0.0p+0,0x0.0p+0,NA,NA,NA,NA,NA,NA,NA,NA,NA,false,true,true,candidates_invalidated
L1-D1.0,L1-MP-D1.0-REPLAY,35c44ca1df498ac517c3c9a9b8f691ee0ce8a4293f52b8a0262afce8438a62a3,MP-LC-03,L1-MP,safe_transactional,H2,0,BeginAttempt,discarded,NA,L1-MP-1.0:safe_transactional,24d13150dae8566d44cde3895683e94feec3b9b7760049916da71b6fad00be85,f885129dca0a3edbc8144499c1c0d07d7440c191f3ef4dfd9c6f3a552b122ba9,a76306a9f4e5c57659df452d23a66504eb26dccbe6b351390a61050242ed2b1f,0,0,f5045dd74424efe25edaaebfa84802eeba5e8ca376816835f58145764a2efc01,f5045dd74424efe25edaaebfa84802eeba5e8ca376816835f58145764a2efc01,NA,NA,NA,NA,NA,NA,0x0.0p+0,0x0.0p+0,NA,NA,NA,NA,NA,NA,NA,NA,NA,false,true,true,attempt_declared
L1-D1.0,L1-MP-D1.0-REPLAY,35c44ca1df498ac517c3c9a9b8f691ee0ce8a4293f52b8a0262afce8438a62a3,MP-LC-03,L1-MP,safe_transactional,H2,1,EvaluateMaterial,discarded,discarded_candidate_1,L1-MP-1.0:safe_transactional,a2c76fdf868221569e257d817202e14eede44b757a3204bdccf4a1cac3dce69b,f885129dca0a3edbc8144499c1c0d07d7440c191f3ef4dfd9c6f3a552b122ba9,a76306a9f4e5c57659df452d23a66504eb26dccbe6b351390a61050242ed2b1f,0,0,f5045dd74424efe25edaaebfa84802eeba5e8ca376816835f58145764a2efc01,f5045dd74424efe25edaaebfa84802eeba5e8ca376816835f58145764a2efc01,8342d992a4f385082e4cb41c3f9dc9503b362111e7e58225f056d038e0f730b6,NA,NA,0x1.eb851eb851eb8p-6,NA,NA,0x0.0p+0,0x0.0p+0,0x1.2e8ba2e8ba2e9p+0,0x1.22e8ba2e8ba2fp+3,NA,NA,0x1.29e4129e4129ep-6,0x1.29e4129e4129ep-6,accepted:0,accepted:0,NA,true,true,true,candidate_only
L1-D1.0,L1-MP-D1.0-REPLAY,35c44ca1df498ac517c3c9a9b8f691ee0ce8a4293f52b8a0262afce8438a62a3,MP-LC-03,L1-MP,safe_transactional,H2,2,EvaluateMaterial,discarded,discarded_candidate_2,L1-MP-1.0:safe_transactional,fec102850e85568dc752d6f2bf271a45b51dac9ef591db09aec3bdcdac066ddc,f885129dca0a3edbc8144499c1c0d07d7440c191f3ef4dfd9c6f3a552b122ba9,a76306a9f4e5c57659df452d23a66504eb26dccbe6b351390a61050242ed2b1f,0,0,f5045dd74424efe25edaaebfa84802eeba5e8ca376816835f58145764a2efc01,f5045dd74424efe25edaaebfa84802eeba5e8ca376816835f58145764a2efc01,9f1bca4829abac40c526b2355ee1851eb9d2c6cecd74fbd3d19b41b380dc057a,NA,NA,0x1.eb851eb851eb8p-6,NA,NA,0x0.0p+0,0x0.0p+0,0x1.2e8ba2e8ba2e9p+0,0x1.22e8ba2e8ba2fp+3,NA,NA,0x1.29e4129e4129ep-6,0x1.29e4129e4129ep-6,accepted:0,accepted:0,NA,true,true,true,candidate_only
L1-D1.0,L1-MP-D1.0-REPLAY,35c44ca1df498ac517c3c9a9b8f691ee0ce8a4293f52b8a0262afce8438a62a3,MP-LC-03,L1-MP,safe_transactional,H2,3,RejectAttempt,discarded,NA,L1-MP-1.0:safe_transactional,afcfc99b1dbc05f322620ad1b920d433284329d072ada126680878face45a784,f885129dca0a3edbc8144499c1c0d07d7440c191f3ef4dfd9c6f3a552b122ba9,a76306a9f4e5c57659df452d23a66504eb26dccbe6b351390a61050242ed2b1f,0,0,f5045dd74424efe25edaaebfa84802eeba5e8ca376816835f58145764a2efc01,f5045dd74424efe25edaaebfa84802eeba5e8ca376816835f58145764a2efc01,NA,NA,NA,NA,NA,NA,0x0.0p+0,0x0.0p+0,NA,NA,NA,NA,NA,NA,NA,NA,NA,false,true,true,candidates_invalidated
L1-D1.0,L1-MP-D1.0-REPLAY,35c44ca1df498ac517c3c9a9b8f691ee0ce8a4293f52b8a0262afce8438a62a3,MP-LC-03,L1-MP,safe_transactional,H2,4,BeginAttempt,replay,NA,L1-MP-1.0:safe_transactional,6137a0f31a4540b5c650b432c949fec7fd847ea6b0c4feeb5201cdd137c84d46,f885129dca0a3edbc8144499c1c0d07d7440c191f3ef4dfd9c6f3a552b122ba9,a76306a9f4e5c57659df452d23a66504eb26dccbe6b351390a61050242ed2b1f,0,0,f5045dd74424efe25edaaebfa84802eeba5e8ca376816835f58145764a2efc01,f5045dd74424efe25edaaebfa84802eeba5e8ca376816835f58145764a2efc01,NA,NA,NA,NA,NA,NA,0x0.0p+0,0x0.0p+0,NA,NA,NA,NA,NA,NA,NA,NA,NA,false,true,true,attempt_declared
L1-D1.0,L1-MP-D1.0-REPLAY,35c44ca1df498ac517c3c9a9b8f691ee0ce8a4293f52b8a0262afce8438a62a3,MP-LC-03,L1-MP,safe_transactional,H2,5,EvaluateMaterial,replay,replay_candidate,L1-MP-1.0:safe_transactional,c8d78579339e9e7c8a8cf03f8c5df8c6a1feb7ed9b28750c163e2864653a46a7,f885129dca0a3edbc8144499c1c0d07d7440c191f3ef4dfd9c6f3a552b122ba9,a76306a9f4e5c57659df452d23a66504eb26dccbe6b351390a61050242ed2b1f,0,0,f5045dd74424efe25edaaebfa84802eeba5e8ca376816835f58145764a2efc01,f5045dd74424efe25edaaebfa84802eeba5e8ca376816835f58145764a2efc01,ee07591b69cc4aefdac862a1767deaf7fbb414f54f6592d5d711b900b7d5d4e4,NA,NA,0x1.eb851eb851eb8p-6,NA,NA,0x0.0p+0,0x0.0p+0,0x1.2e8ba2e8ba2e9p+0,0x1.22e8ba2e8ba2fp+3,NA,NA,0x1.29e4129e4129ep-6,0x1.29e4129e4129ep-6,accepted:0,accepted:0,NA,true,true,true,candidate_only
L1-D1.0,L1-MP-D1.0-REPLAY,35c44ca1df498ac517c3c9a9b8f691ee0ce8a4293f52b8a0262afce8438a62a3,MP-LC-03,L1-MP,safe_transactional,H2,6,RejectAttempt,replay,NA,L1-MP-1.0:safe_transactional,08cc195e16ab20eca4b835aa299ca5ae87cbe779d316e9a838b9e7bd7859cebc,f885129dca0a3edbc8144499c1c0d07d7440c191f3ef4dfd9c6f3a552b122ba9,a76306a9f4e5c57659df452d23a66504eb26dccbe6b351390a61050242ed2b1f,0,0,f5045dd74424efe25edaaebfa84802eeba5e8ca376816835f58145764a2efc01,f5045dd74424efe25edaaebfa84802eeba5e8ca376816835f58145764a2efc01,NA,NA,NA,NA,NA,NA,0x0.0p+0,0x0.0p+0,NA,NA,NA,NA,NA,NA,NA,NA,NA,false,true,true,candidates_invalidated
L1-D1.0,L1-MP-D1.0-REPLAY,35c44ca1df498ac517c3c9a9b8f691ee0ce8a4293f52b8a0262afce8438a62a3,MP-LC-04,L1-MP,safe_transactional,H1,0,BeginAttempt,accept_once,NA,L1-MP-1.0:safe_transactional,79ca48e3e1a1bbbce46705cbe0091699a204791e4dab58e1b3d4b45bb5f01fef,f885129dca0a3edbc8144499c1c0d07d7440c191f3ef4dfd9c6f3a552b122ba9,a76306a9f4e5c57659df452d23a66504eb26dccbe6b351390a61050242ed2b1f,0,0,f5045dd74424efe25edaaebfa84802eeba5e8ca376816835f58145764a2efc01,f5045dd74424efe25edaaebfa84802eeba5e8ca376816835f58145764a2efc01,NA,NA,NA,NA,NA,NA,0x0.0p+0,0x0.0p+0,NA,NA,NA,NA,NA,NA,NA,NA,NA,false,true,true,attempt_declared
L1-D1.0,L1-MP-D1.0-REPLAY,35c44ca1df498ac517c3c9a9b8f691ee0ce8a4293f52b8a0262afce8438a62a3,MP-LC-04,L1-MP,safe_transactional,H1,1,EvaluateMaterial,accept_once,accepted_candidate,L1-MP-1.0:safe_transactional,5704d493fba1ba02c2f20558e50786204af349989634ea139e5db43c9c92637e,f885129dca0a3edbc8144499c1c0d07d7440c191f3ef4dfd9c6f3a552b122ba9,a76306a9f4e5c57659df452d23a66504eb26dccbe6b351390a61050242ed2b1f,0,0,f5045dd74424efe25edaaebfa84802eeba5e8ca376816835f58145764a2efc01,f5045dd74424efe25edaaebfa84802eeba5e8ca376816835f58145764a2efc01,5d9c904ee489db68b601fff442916702c4a20822152f32f2e937ff5ef3f680fe,NA,NA,0x1.eb851eb851eb8p-6,NA,NA,0x0.0p+0,0x0.0p+0,0x1.2e8ba2e8ba2e9p+0,0x1.22e8ba2e8ba2fp+3,NA,NA,0x1.29e4129e4129ep-6,0x1.29e4129e4129ep-6,accepted:0,accepted:0,NA,true,true,true,candidate_only
L1-D1.0,L1-MP-D1.0-REPLAY,35c44ca1df498ac517c3c9a9b8f691ee0ce8a4293f52b8a0262afce8438a62a3,MP-LC-04,L1-MP,safe_transactional,H1,2,AcceptCandidate,accept_once,accepted_candidate,L1-MP-1.0:safe_transactional,8b351a88411cc368d70256233a6810e5b1921706f1dff7250499571557dd7e4b,f885129dca0a3edbc8144499c1c0d07d7440c191f3ef4dfd9c6f3a552b122ba9,a76306a9f4e5c57659df452d23a66504eb26dccbe6b351390a61050242ed2b1f,0,1,f5045dd74424efe25edaaebfa84802eeba5e8ca376816835f58145764a2efc01,605a6a906b22eeb9d5b94d6ee765e444eb63aa75e7596ce182bf162a68050824,5d9c904ee489db68b601fff442916702c4a20822152f32f2e937ff5ef3f680fe,NA,NA,0x1.eb851eb851eb8p-6,NA,NA,0x0.0p+0,0x0.0p+0,0x1.2e8ba2e8ba2e9p+0,0x1.22e8ba2e8ba2fp+3,NA,NA,0x1.29e4129e4129ep-6,0x1.29e4129e4129ep-6,accepted:0,accepted:0,NA,false,true,true,accepted_once
L1-D1.0,L1-MP-D1.0-REPLAY,35c44ca1df498ac517c3c9a9b8f691ee0ce8a4293f52b8a0262afce8438a62a3,MP-LC-04,L1-MP,safe_transactional,H2,0,AcceptCandidate,accept_once,accepted_candidate,L1-MP-1.0:safe_transactional,6f78abb6e9d0d4120ece57e3901d62a372853e1020e434abc34bc25ff046e571,f885129dca0a3edbc8144499c1c0d07d7440c191f3ef4dfd9c6f3a552b122ba9,a76306a9f4e5c57659df452d23a66504eb26dccbe6b351390a61050242ed2b1f,1,1,605a6a906b22eeb9d5b94d6ee765e444eb63aa75e7596ce182bf162a68050824,605a6a906b22eeb9d5b94d6ee765e444eb63aa75e7596ce182bf162a68050824,5d9c904ee489db68b601fff442916702c4a20822152f32f2e937ff5ef3f680fe,NA,NA,0x1.eb851eb851eb8p-6,NA,NA,0x1.29e4129e4129ep-6,0x1.29e4129e4129ep-6,0x1.2e8ba2e8ba2e9p+0,0x1.22e8ba2e8ba2fp+3,NA,NA,0x1.29e4129e4129ep-6,0x1.29e4129e4129ep-6,accepted:0,accepted:0,NA,false,true,true,duplicate_accept_rejected
L1-D1.0,L1-MP-D1.0-REPLAY,35c44ca1df498ac517c3c9a9b8f691ee0ce8a4293f52b8a0262afce8438a62a3,MP-LC-05,L1-MP,safe_transactional,H1,0,BeginAttempt,discarded,NA,L1-MP-1.0:safe_transactional,fce650182fd46835faf51431802b13a52ef94857bd656c10c5b0e0ea084e3009,f885129dca0a3edbc8144499c1c0d07d7440c191f3ef4dfd9c6f3a552b122ba9,a76306a9f4e5c57659df452d23a66504eb26dccbe6b351390a61050242ed2b1f,0,0,f5045dd74424efe25edaaebfa84802eeba5e8ca376816835f58145764a2efc01,f5045dd74424efe25edaaebfa84802eeba5e8ca376816835f58145764a2efc01,NA,NA,NA,NA,NA,NA,0x0.0p+0,0x0.0p+0,NA,NA,NA,NA,NA,NA,NA,NA,NA,false,true,true,attempt_declared
L1-D1.0,L1-MP-D1.0-REPLAY,35c44ca1df498ac517c3c9a9b8f691ee0ce8a4293f52b8a0262afce8438a62a3,MP-LC-05,L1-MP,safe_transactional,H1,1,EvaluateMaterial,discarded,discarded_candidate_1,L1-MP-1.0:safe_transactional,5b67f2ee4cb60e1ab4a412103eb1a2321826789fc40ef3c1baaf6a050986095d,f885129dca0a3edbc8144499c1c0d07d7440c191f3ef4dfd9c6f3a552b122ba9,a76306a9f4e5c57659df452d23a66504eb26dccbe6b351390a61050242ed2b1f,0,0,f5045dd74424efe25edaaebfa84802eeba5e8ca376816835f58145764a2efc01,f5045dd74424efe25edaaebfa84802eeba5e8ca376816835f58145764a2efc01,f43ce98464d4bdeb5bf0d614f90ca335238153189c5624f3aa4152d74d267727,NA,NA,0x1.47ae147ae147bp-6,NA,NA,0x0.0p+0,0x0.0p+0,0x1.1745d1745d174p+0,0x1.22e8ba2e8ba2fp+3,NA,NA,0x1.29e4129e4129ep-7,0x1.29e4129e4129ep-7,accepted:0,accepted:0,NA,true,true,true,candidate_only
L1-D1.0,L1-MP-D1.0-REPLAY,35c44ca1df498ac517c3c9a9b8f691ee0ce8a4293f52b8a0262afce8438a62a3,MP-LC-05,L1-MP,safe_transactional,H1,2,EvaluateMaterial,discarded,discarded_candidate_2,L1-MP-1.0:safe_transactional,d6e8638bae7adb91e8a9dd69c0dc6dfb43c6a87fb21957b9eea17705f6446664,f885129dca0a3edbc8144499c1c0d07d7440c191f3ef4dfd9c6f3a552b122ba9,a76306a9f4e5c57659df452d23a66504eb26dccbe6b351390a61050242ed2b1f,0,0,f5045dd74424efe25edaaebfa84802eeba5e8ca376816835f58145764a2efc01,f5045dd74424efe25edaaebfa84802eeba5e8ca376816835f58145764a2efc01,9f1bca4829abac40c526b2355ee1851eb9d2c6cecd74fbd3d19b41b380dc057a,NA,NA,0x1.eb851eb851eb8p-6,NA,NA,0x0.0p+0,0x0.0p+0,0x1.2e8ba2e8ba2e9p+0,0x1.22e8ba2e8ba2fp+3,NA,NA,0x1.29e4129e4129ep-6,0x1.29e4129e4129ep-6,accepted:0,accepted:0,NA,true,true,true,candidate_only
L1-D1.0,L1-MP-D1.0-REPLAY,35c44ca1df498ac517c3c9a9b8f691ee0ce8a4293f52b8a0262afce8438a62a3,MP-LC-05,L1-MP,safe_transactional,H1,3,RejectAttempt,discarded,NA,L1-MP-1.0:safe_transactional,619dd66ffcc584cd3769560be9993a99ed623e6fb245cc312412284413fdefe0,f885129dca0a3edbc8144499c1c0d07d7440c191f3ef4dfd9c6f3a552b122ba9,a76306a9f4e5c57659df452d23a66504eb26dccbe6b351390a61050242ed2b1f,0,0,f5045dd74424efe25edaaebfa84802eeba5e8ca376816835f58145764a2efc01,f5045dd74424efe25edaaebfa84802eeba5e8ca376816835f58145764a2efc01,NA,NA,NA,NA,NA,NA,0x0.0p+0,0x0.0p+0,NA,NA,NA,NA,NA,NA,NA,NA,NA,false,true,true,candidates_invalidated
L1-D1.0,L1-MP-D1.0-REPLAY,35c44ca1df498ac517c3c9a9b8f691ee0ce8a4293f52b8a0262afce8438a62a3,MP-LC-05,L1-MP,safe_transactional,H1,4,BeginAttempt,replay,NA,L1-MP-1.0:safe_transactional,bae2ddb405ade29116b4459b1785de734ea7fae1ffb6989a57eadeb657531f78,f885129dca0a3edbc8144499c1c0d07d7440c191f3ef4dfd9c6f3a552b122ba9,a76306a9f4e5c57659df452d23a66504eb26dccbe6b351390a61050242ed2b1f,0,0,f5045dd74424efe25edaaebfa84802eeba5e8ca376816835f58145764a2efc01,f5045dd74424efe25edaaebfa84802eeba5e8ca376816835f58145764a2efc01,NA,NA,NA,NA,NA,NA,0x0.0p+0,0x0.0p+0,NA,NA,NA,NA,NA,NA,NA,NA,NA,false,true,true,attempt_declared
L1-D1.0,L1-MP-D1.0-REPLAY,35c44ca1df498ac517c3c9a9b8f691ee0ce8a4293f52b8a0262afce8438a62a3,MP-LC-05,L1-MP,safe_transactional,H1,5,EvaluateMaterial,replay,replay_candidate,L1-MP-1.0:safe_transactional,90f7da21e18c5c174a9164ba4a22529c05130a96e763205728bb9ca50a6a02c4,f885129dca0a3edbc8144499c1c0d07d7440c191f3ef4dfd9c6f3a552b122ba9,a76306a9f4e5c57659df452d23a66504eb26dccbe6b351390a61050242ed2b1f,0,0,f5045dd74424efe25edaaebfa84802eeba5e8ca376816835f58145764a2efc01,f5045dd74424efe25edaaebfa84802eeba5e8ca376816835f58145764a2efc01,df2e155fc0ebb331db592667fb957b08aae20b3a743afb4430ec56d667db3cb9,NA,NA,0x1.47ae147ae147bp-8,NA,NA,0x0.0p+0,0x0.0p+0,0x1.0000000000000p-1,0x1.9000000000000p+6,NA,NA,0x0.0p+0,0x0.0p+0,accepted:0,accepted:0,NA,true,true,true,candidate_only
L1-D1.0,L1-MP-D1.0-REPLAY,35c44ca1df498ac517c3c9a9b8f691ee0ce8a4293f52b8a0262afce8438a62a3,MP-LC-05,L1-MP,safe_transactional,H1,6,RejectAttempt,replay,NA,L1-MP-1.0:safe_transactional,358811373d86bf34bf6c0dfd1697a2c3943d9ca687506422393b17292a5c9453,f885129dca0a3edbc8144499c1c0d07d7440c191f3ef4dfd9c6f3a552b122ba9,a76306a9f4e5c57659df452d23a66504eb26dccbe6b351390a61050242ed2b1f,0,0,f5045dd74424efe25edaaebfa84802eeba5e8ca376816835f58145764a2efc01,f5045dd74424efe25edaaebfa84802eeba5e8ca376816835f58145764a2efc01,NA,NA,NA,NA,NA,NA,0x0.0p+0,0x0.0p+0,NA,NA,NA,NA,NA,NA,NA,NA,NA,false,true,true,candidates_invalidated
L1-D1.0,L1-MP-D1.0-REPLAY,35c44ca1df498ac517c3c9a9b8f691ee0ce8a4293f52b8a0262afce8438a62a3,MP-LC-05,L1-MP,safe_transactional,H2,0,BeginAttempt,replay,NA,L1-MP-1.0:safe_transactional,bae2ddb405ade29116b4459b1785de734ea7fae1ffb6989a57eadeb657531f78,f885129dca0a3edbc8144499c1c0d07d7440c191f3ef4dfd9c6f3a552b122ba9,a76306a9f4e5c57659df452d23a66504eb26dccbe6b351390a61050242ed2b1f,0,0,f5045dd74424efe25edaaebfa84802eeba5e8ca376816835f58145764a2efc01,f5045dd74424efe25edaaebfa84802eeba5e8ca376816835f58145764a2efc01,NA,NA,NA,NA,NA,NA,0x0.0p+0,0x0.0p+0,NA,NA,NA,NA,NA,NA,NA,NA,NA,false,true,true,attempt_declared
L1-D1.0,L1-MP-D1.0-REPLAY,35c44ca1df498ac517c3c9a9b8f691ee0ce8a4293f52b8a0262afce8438a62a3,MP-LC-05,L1-MP,safe_transactional,H2,1,EvaluateMaterial,replay,replay_candidate,L1-MP-1.0:safe_transactional,90f7da21e18c5c174a9164ba4a22529c05130a96e763205728bb9ca50a6a02c4,f885129dca0a3edbc8144499c1c0d07d7440c191f3ef4dfd9c6f3a552b122ba9,a76306a9f4e5c57659df452d23a66504eb26dccbe6b351390a61050242ed2b1f,0,0,f5045dd74424efe25edaaebfa84802eeba5e8ca376816835f58145764a2efc01,f5045dd74424efe25edaaebfa84802eeba5e8ca376816835f58145764a2efc01,cb01a5f6e537a7b31457f91fae719bc8c1473d818fbb3b40af81cbbc8f148e1e,NA,NA,0x1.47ae147ae147bp-8,NA,NA,0x0.0p+0,0x0.0p+0,0x1.0000000000000p-1,0x1.9000000000000p+6,NA,NA,0x0.0p+0,0x0.0p+0,accepted:0,accepted:0,NA,true,true,true,candidate_only
L1-D1.0,L1-MP-D1.0-REPLAY,35c44ca1df498ac517c3c9a9b8f691ee0ce8a4293f52b8a0262afce8438a62a3,MP-LC-05,L1-MP,safe_transactional,H2,2,RejectAttempt,replay,NA,L1-MP-1.0:safe_transactional,358811373d86bf34bf6c0dfd1697a2c3943d9ca687506422393b17292a5c9453,f885129dca0a3edbc8144499c1c0d07d7440c191f3ef4dfd9c6f3a552b122ba9,a76306a9f4e5c57659df452d23a66504eb26dccbe6b351390a61050242ed2b1f,0,0,f5045dd74424efe25edaaebfa84802eeba5e8ca376816835f58145764a2efc01,f5045dd74424efe25edaaebfa84802eeba5e8ca376816835f58145764a2efc01,NA,NA,NA,NA,NA,NA,0x0.0p+0,0x0.0p+0,NA,NA,NA,NA,NA,NA,NA,NA,NA,false,true,true,candidates_invalidated
L1-D1.0,L1-MP-D1.0-REPLAY,35c44ca1df498ac517c3c9a9b8f691ee0ce8a4293f52b8a0262afce8438a62a3,MP-LC-06,L1-MP,unsafe_output_feedback,H1,0,TerminalRead,NA,terminal_hidden_candidate,L1-MP-1.0:unsafe_output_feedback,f386a6ed66b584a1e861b5c483fdbd2d3078a2573a1c2b76827bbcf57abe71c1,f885129dca0a3edbc8144499c1c0d07d7440c191f3ef4dfd9c6f3a552b122ba9,a76306a9f4e5c57659df452d23a66504eb26dccbe6b351390a61050242ed2b1f,0,0,f5045dd74424efe25edaaebfa84802eeba5e8ca376816835f58145764a2efc01,f5045dd74424efe25edaaebfa84802eeba5e8ca376816835f58145764a2efc01,d7c92b1ac13ddc184685a10ce446f0dcc1bca1a55663c158c808557718fe2f9a,f5045dd74424efe25edaaebfa84802eeba5e8ca376816835f58145764a2efc01,ec2b723243d37a8ccf11ce761e98fcfef7eb13241d2677964ffe61c9444af127,0x1.eb851eb851eb8p-6,NA,NA,0x0.0p+0,0x0.0p+0,NA,NA,NA,NA,NA,NA,NA,NA,trial_hidden,false,true,false,seeded_output_feedback
L1-D1.0,L1-MP-D1.0-REPLAY,35c44ca1df498ac517c3c9a9b8f691ee0ce8a4293f52b8a0262afce8438a62a3,MP-LC-06,L1-MP,unsafe_output_feedback,H1,1,BeginAttempt,replay,NA,L1-MP-1.0:unsafe_output_feedback,1f07bc387fba88a3c433828ef65e404d47bc1421fd99eee17bf7c013c0a4289c,f885129dca0a3edbc8144499c1c0d07d7440c191f3ef4dfd9c6f3a552b122ba9,a76306a9f4e5c57659df452d23a66504eb26dccbe6b351390a61050242ed2b1f,0,0,f5045dd74424efe25edaaebfa84802eeba5e8ca376816835f58145764a2efc01,f5045dd74424efe25edaaebfa84802eeba5e8ca376816835f58145764a2efc01,NA,ec2b723243d37a8ccf11ce761e98fcfef7eb13241d2677964ffe61c9444af127,ec2b723243d37a8ccf11ce761e98fcfef7eb13241d2677964ffe61c9444af127,NA,NA,NA,0x0.0p+0,0x0.0p+0,NA,NA,NA,NA,NA,NA,NA,NA,NA,false,true,true,attempt_declared
L1-D1.0,L1-MP-D1.0-REPLAY,35c44ca1df498ac517c3c9a9b8f691ee0ce8a4293f52b8a0262afce8438a62a3,MP-LC-06,L1-MP,unsafe_output_feedback,H1,2,EvaluateMaterial,replay,replay_candidate,L1-MP-1.0:unsafe_output_feedback,07912a807382a454bbbfc79106b74efb58f59cf080befef607ca06b855a04697,f885129dca0a3edbc8144499c1c0d07d7440c191f3ef4dfd9c6f3a552b122ba9,a76306a9f4e5c57659df452d23a66504eb26dccbe6b351390a61050242ed2b1f,0,0,f5045dd74424efe25edaaebfa84802eeba5e8ca376816835f58145764a2efc01,f5045dd74424efe25edaaebfa84802eeba5e8ca376816835f58145764a2efc01,f0e9c6cbf3112b9299439371ab1fd8aee87785d33f0acc0bf64942762cb91a27,ec2b723243d37a8ccf11ce761e98fcfef7eb13241d2677964ffe61c9444af127,ec2b723243d37a8ccf11ce761e98fcfef7eb13241d2677964ffe61c9444af127,0x1.47ae147ae147bp-8,NA,NA,0x0.0p+0,0x0.0p+0,-0x1.31b810ecf56bfp+0,0x1.22e8ba2e8ba2fp+3,NA,NA,0x1.159485b65fa14p-6,0x1.3e339f8622b28p-6,mirror:ec2b723243d37a8ccf11ce761e98fcfef7eb13241d2677964ffe61c9444af127,mirror:ec2b723243d37a8ccf11ce761e98fcfef7eb13241d2677964ffe61c9444af127,NA,false,true,false,seeded_hidden_state_access
L1-D1.0,L1-MP-D1.0-REPLAY,35c44ca1df498ac517c3c9a9b8f691ee0ce8a4293f52b8a0262afce8438a62a3,MP-LC-06,L1-MP,unsafe_output_feedback,H1,3,RejectAttempt,replay,NA,L1-MP-1.0:unsafe_output_feedback,dc4e26d31e139ec881d3a05a7cf92887d5e4f83a936e8fdc8d7c4d82e4c2b6a3,f885129dca0a3edbc8144499c1c0d07d7440c191f3ef4dfd9c6f3a552b122ba9,a76306a9f4e5c57659df452d23a66504eb26dccbe6b351390a61050242ed2b1f,0,0,f5045dd74424efe25edaaebfa84802eeba5e8ca376816835f58145764a2efc01,f5045dd74424efe25edaaebfa84802eeba5e8ca376816835f58145764a2efc01,NA,ec2b723243d37a8ccf11ce761e98fcfef7eb13241d2677964ffe61c9444af127,ec2b723243d37a8ccf11ce761e98fcfef7eb13241d2677964ffe61c9444af127,NA,NA,NA,0x0.0p+0,0x0.0p+0,NA,NA,NA,NA,NA,NA,NA,NA,NA,false,true,true,candidates_invalidated
L1-D1.0,L1-MP-D1.0-REPLAY,35c44ca1df498ac517c3c9a9b8f691ee0ce8a4293f52b8a0262afce8438a62a3,MP-LC-06,L1-MP,unsafe_output_feedback,H2,0,BeginAttempt,replay,NA,L1-MP-1.0:unsafe_output_feedback,1f07bc387fba88a3c433828ef65e404d47bc1421fd99eee17bf7c013c0a4289c,f885129dca0a3edbc8144499c1c0d07d7440c191f3ef4dfd9c6f3a552b122ba9,a76306a9f4e5c57659df452d23a66504eb26dccbe6b351390a61050242ed2b1f,0,0,f5045dd74424efe25edaaebfa84802eeba5e8ca376816835f58145764a2efc01,f5045dd74424efe25edaaebfa84802eeba5e8ca376816835f58145764a2efc01,NA,f5045dd74424efe25edaaebfa84802eeba5e8ca376816835f58145764a2efc01,f5045dd74424efe25edaaebfa84802eeba5e8ca376816835f58145764a2efc01,NA,NA,NA,0x0.0p+0,0x0.0p+0,NA,NA,NA,NA,NA,NA,NA,NA,NA,false,true,true,attempt_declared
L1-D1.0,L1-MP-D1.0-REPLAY,35c44ca1df498ac517c3c9a9b8f691ee0ce8a4293f52b8a0262afce8438a62a3,MP-LC-06,L1-MP,unsafe_output_feedback,H2,1,EvaluateMaterial,replay,replay_candidate,L1-MP-1.0:unsafe_output_feedback,07912a807382a454bbbfc79106b74efb58f59cf080befef607ca06b855a04697,f885129dca0a3edbc8144499c1c0d07d7440c191f3ef4dfd9c6f3a552b122ba9,a76306a9f4e5c57659df452d23a66504eb26dccbe6b351390a61050242ed2b1f,0,0,f5045dd74424efe25edaaebfa84802eeba5e8ca376816835f58145764a2efc01,f5045dd74424efe25edaaebfa84802eeba5e8ca376816835f58145764a2efc01,cb01a5f6e537a7b31457f91fae719bc8c1473d818fbb3b40af81cbbc8f148e1e,f5045dd74424efe25edaaebfa84802eeba5e8ca376816835f58145764a2efc01,f5045dd74424efe25edaaebfa84802eeba5e8ca376816835f58145764a2efc01,0x1.47ae147ae147bp-8,NA,NA,0x0.0p+0,0x0.0p+0,0x1.0000000000000p-1,0x1.9000000000000p+6,NA,NA,0x0.0p+0,0x0.0p+0,mirror:f5045dd74424efe25edaaebfa84802eeba5e8ca376816835f58145764a2efc01,mirror:f5045dd74424efe25edaaebfa84802eeba5e8ca376816835f58145764a2efc01,NA,false,true,false,seeded_hidden_state_access
L1-D1.0,L1-MP-D1.0-REPLAY,35c44ca1df498ac517c3c9a9b8f691ee0ce8a4293f52b8a0262afce8438a62a3,MP-LC-06,L1-MP,unsafe_output_feedback,H2,2,RejectAttempt,replay,NA,L1-MP-1.0:unsafe_output_feedback,dc4e26d31e139ec881d3a05a7cf92887d5e4f83a936e8fdc8d7c4d82e4c2b6a3,f885129dca0a3edbc8144499c1c0d07d7440c191f3ef4dfd9c6f3a552b122ba9,a76306a9f4e5c57659df452d23a66504eb26dccbe6b351390a61050242ed2b1f,0,0,f5045dd74424efe25edaaebfa84802eeba5e8ca376816835f58145764a2efc01,f5045dd74424efe25edaaebfa84802eeba5e8ca376816835f58145764a2efc01,NA,f5045dd74424efe25edaaebfa84802eeba5e8ca376816835f58145764a2efc01,f5045dd74424efe25edaaebfa84802eeba5e8ca376816835f58145764a2efc01,NA,NA,NA,0x0.0p+0,0x0.0p+0,NA,NA,NA,NA,NA,NA,NA,NA,NA,false,true,true,candidates_invalidated
L1-D1.0,L1-MP-D1.0-REPLAY,35c44ca1df498ac517c3c9a9b8f691ee0ce8a4293f52b8a0262afce8438a62a3,MP-LC-06,L1-MP,safe_local,H1,0,TerminalRead,NA,NA,L1-MP-1.0:safe_local,7e61f48e36ba8c42c8ae69d95d47ef1182edc777dcebdef5aae518a5f0ca0ef8,f885129dca0a3edbc8144499c1c0d07d7440c191f3ef4dfd9c6f3a552b122ba9,a76306a9f4e5c57659df452d23a66504eb26dccbe6b351390a61050242ed2b1f,0,0,f5045dd74424efe25edaaebfa84802eeba5e8ca376816835f58145764a2efc01,f5045dd74424efe25edaaebfa84802eeba5e8ca376816835f58145764a2efc01,d9d1f113ca713b62506351f82b335c01f327dba75bbb813a47e6ee1a40c4d085,NA,NA,0x1.eb851eb851eb8p-6,NA,NA,0x0.0p+0,0x0.0p+0,NA,NA,NA,NA,NA,NA,NA,NA,accepted:0,false,true,true,accepted_read_only
L1-D1.0,L1-MP-D1.0-REPLAY,35c44ca1df498ac517c3c9a9b8f691ee0ce8a4293f52b8a0262afce8438a62a3,MP-LC-06,L1-MP,safe_local,H1,1,BeginAttempt,replay,NA,L1-MP-1.0:safe_local,0ceb5dc68e78560bae31a800b4d57dfc33b68680908c5c1606b6e30c526f3925,f885129dca0a3edbc8144499c1c0d07d7440c191f3ef4dfd9c6f3a552b122ba9,a76306a9f4e5c57659df452d23a66504eb26dccbe6b351390a61050242ed2b1f,0,0,f5045dd74424efe25edaaebfa84802eeba5e8ca376816835f58145764a2efc01,f5045dd74424efe25edaaebfa84802eeba5e8ca376816835f58145764a2efc01,NA,NA,NA,NA,NA,NA,0x0.0p+0,0x0.0p+0,NA,NA,NA,NA,NA,NA,NA,NA,NA,false,true,true,attempt_declared
L1-D1.0,L1-MP-D1.0-REPLAY,35c44ca1df498ac517c3c9a9b8f691ee0ce8a4293f52b8a0262afce8438a62a3,MP-LC-06,L1-MP,safe_local,H1,2,EvaluateMaterial,replay,replay_candidate,L1-MP-1.0:safe_local,2a9e0f3eefc63131e7fb7177ed392e25d809b8ad29f92cc5f0c671754e106413,f885129dca0a3edbc8144499c1c0d07d7440c191f3ef4dfd9c6f3a552b122ba9,a76306a9f4e5c57659df452d23a66504eb26dccbe6b351390a61050242ed2b1f,0,0,f5045dd74424efe25edaaebfa84802eeba5e8ca376816835f58145764a2efc01,f5045dd74424efe25edaaebfa84802eeba5e8ca376816835f58145764a2efc01,6219bd396971fec9439b6000057774d2baee8b1944a0df89651bf7f931c418e8,NA,NA,0x1.47ae147ae147bp-8,NA,NA,0x0.0p+0,0x0.0p+0,0x1.0000000000000p-1,0x1.9000000000000p+6,NA,NA,0x0.0p+0,0x0.0p+0,accepted:0,accepted:0,NA,false,true,true,candidate_only
L1-D1.0,L1-MP-D1.0-REPLAY,35c44ca1df498ac517c3c9a9b8f691ee0ce8a4293f52b8a0262afce8438a62a3,MP-LC-06,L1-MP,safe_local,H1,3,RejectAttempt,replay,NA,L1-MP-1.0:safe_local,316faaf13ae2f2cc7ed0ca3de2be231ad8b2c47f79e4e9825ecbb13e90d55c7a,f885129dca0a3edbc8144499c1c0d07d7440c191f3ef4dfd9c6f3a552b122ba9,a76306a9f4e5c57659df452d23a66504eb26dccbe6b351390a61050242ed2b1f,0,0,f5045dd74424efe25edaaebfa84802eeba5e8ca376816835f58145764a2efc01,f5045dd74424efe25edaaebfa84802eeba5e8ca376816835f58145764a2efc01,NA,NA,NA,NA,NA,NA,0x0.0p+0,0x0.0p+0,NA,NA,NA,NA,NA,NA,NA,NA,NA,false,true,true,candidates_invalidated
L1-D1.0,L1-MP-D1.0-REPLAY,35c44ca1df498ac517c3c9a9b8f691ee0ce8a4293f52b8a0262afce8438a62a3,MP-LC-06,L1-MP,safe_local,H2,0,BeginAttempt,replay,NA,L1-MP-1.0:safe_local,0ceb5dc68e78560bae31a800b4d57dfc33b68680908c5c1606b6e30c526f3925,f885129dca0a3edbc8144499c1c0d07d7440c191f3ef4dfd9c6f3a552b122ba9,a76306a9f4e5c57659df452d23a66504eb26dccbe6b351390a61050242ed2b1f,0,0,f5045dd74424efe25edaaebfa84802eeba5e8ca376816835f58145764a2efc01,f5045dd74424efe25edaaebfa84802eeba5e8ca376816835f58145764a2efc01,NA,NA,NA,NA,NA,NA,0x0.0p+0,0x0.0p+0,NA,NA,NA,NA,NA,NA,NA,NA,NA,false,true,true,attempt_declared
L1-D1.0,L1-MP-D1.0-REPLAY,35c44ca1df498ac517c3c9a9b8f691ee0ce8a4293f52b8a0262afce8438a62a3,MP-LC-06,L1-MP,safe_local,H2,1,EvaluateMaterial,replay,replay_candidate,L1-MP-1.0:safe_local,2a9e0f3eefc63131e7fb7177ed392e25d809b8ad29f92cc5f0c671754e106413,f885129dca0a3edbc8144499c1c0d07d7440c191f3ef4dfd9c6f3a552b122ba9,a76306a9f4e5c57659df452d23a66504eb26dccbe6b351390a61050242ed2b1f,0,0,f5045dd74424efe25edaaebfa84802eeba5e8ca376816835f58145764a2efc01,f5045dd74424efe25edaaebfa84802eeba5e8ca376816835f58145764a2efc01,cb01a5f6e537a7b31457f91fae719bc8c1473d818fbb3b40af81cbbc8f148e1e,NA,NA,0x1.47ae147ae147bp-8,NA,NA,0x0.0p+0,0x0.0p+0,0x1.0000000000000p-1,0x1.9000000000000p+6,NA,NA,0x0.0p+0,0x0.0p+0,accepted:0,accepted:0,NA,false,true,true,candidate_only
L1-D1.0,L1-MP-D1.0-REPLAY,35c44ca1df498ac517c3c9a9b8f691ee0ce8a4293f52b8a0262afce8438a62a3,MP-LC-06,L1-MP,safe_local,H2,2,RejectAttempt,replay,NA,L1-MP-1.0:safe_local,316faaf13ae2f2cc7ed0ca3de2be231ad8b2c47f79e4e9825ecbb13e90d55c7a,f885129dca0a3edbc8144499c1c0d07d7440c191f3ef4dfd9c6f3a552b122ba9,a76306a9f4e5c57659df452d23a66504eb26dccbe6b351390a61050242ed2b1f,0,0,f5045dd74424efe25edaaebfa84802eeba5e8ca376816835f58145764a2efc01,f5045dd74424efe25edaaebfa84802eeba5e8ca376816835f58145764a2efc01,NA,NA,NA,NA,NA,NA,0x0.0p+0,0x0.0p+0,NA,NA,NA,NA,NA,NA,NA,NA,NA,false,true,true,candidates_invalidated
L1-D1.0,L1-MP-D1.0-REPLAY,35c44ca1df498ac517c3c9a9b8f691ee0ce8a4293f52b8a0262afce8438a62a3,MP-LC-06,L1-MP,safe_transactional,H1,0,TerminalRead,NA,NA,L1-MP-1.0:safe_transactional,d7cec7da75b68d48420d14198c339224985fbcfa2d94912e874903c6c12c46b8,f885129dca0a3edbc8144499c1c0d07d7440c191f3ef4dfd9c6f3a552b122ba9,a76306a9f4e5c57659df452d23a66504eb26dccbe6b351390a61050242ed2b1f,0,0,f5045dd74424efe25edaaebfa84802eeba5e8ca376816835f58145764a2efc01,f5045dd74424efe25edaaebfa84802eeba5e8ca376816835f58145764a2efc01,d9d1f113ca713b62506351f82b335c01f327dba75bbb813a47e6ee1a40c4d085,NA,NA,0x1.eb851eb851eb8p-6,NA,NA,0x0.0p+0,0x0.0p+0,NA,NA,NA,NA,NA,NA,NA,NA,accepted:0,false,true,true,accepted_read_only
L1-D1.0,L1-MP-D1.0-REPLAY,35c44ca1df498ac517c3c9a9b8f691ee0ce8a4293f52b8a0262afce8438a62a3,MP-LC-06,L1-MP,safe_transactional,H1,1,BeginAttempt,replay,NA,L1-MP-1.0:safe_transactional,c60de7c443404f487dd04edfffc6c48eef9e008619bc109ddbd5ce3ad98a5120,f885129dca0a3edbc8144499c1c0d07d7440c191f3ef4dfd9c6f3a552b122ba9,a76306a9f4e5c57659df452d23a66504eb26dccbe6b351390a61050242ed2b1f,0,0,f5045dd74424efe25edaaebfa84802eeba5e8ca376816835f58145764a2efc01,f5045dd74424efe25edaaebfa84802eeba5e8ca376816835f58145764a2efc01,NA,NA,NA,NA,NA,NA,0x0.0p+0,0x0.0p+0,NA,NA,NA,NA,NA,NA,NA,NA,NA,false,true,true,attempt_declared
L1-D1.0,L1-MP-D1.0-REPLAY,35c44ca1df498ac517c3c9a9b8f691ee0ce8a4293f52b8a0262afce8438a62a3,MP-LC-06,L1-MP,safe_transactional,H1,2,EvaluateMaterial,replay,replay_candidate,L1-MP-1.0:safe_transactional,04a493abbd948ca3390f0efaebdcb9a45682e06cc1ef26c87a7dcb1d19a7ab4f,f885129dca0a3edbc8144499c1c0d07d7440c191f3ef4dfd9c6f3a552b122ba9,a76306a9f4e5c57659df452d23a66504eb26dccbe6b351390a61050242ed2b1f,0,0,f5045dd74424efe25edaaebfa84802eeba5e8ca376816835f58145764a2efc01,f5045dd74424efe25edaaebfa84802eeba5e8ca376816835f58145764a2efc01,6219bd396971fec9439b6000057774d2baee8b1944a0df89651bf7f931c418e8,NA,NA,0x1.47ae147ae147bp-8,NA,NA,0x0.0p+0,0x0.0p+0,0x1.0000000000000p-1,0x1.9000000000000p+6,NA,NA,0x0.0p+0,0x0.0p+0,accepted:0,accepted:0,NA,true,true,true,candidate_only
L1-D1.0,L1-MP-D1.0-REPLAY,35c44ca1df498ac517c3c9a9b8f691ee0ce8a4293f52b8a0262afce8438a62a3,MP-LC-06,L1-MP,safe_transactional,H1,3,RejectAttempt,replay,NA,L1-MP-1.0:safe_transactional,6a4877aa62840147abf9884ef2cb27793da94a48e226181cea586128907b101a,f885129dca0a3edbc8144499c1c0d07d7440c191f3ef4dfd9c6f3a552b122ba9,a76306a9f4e5c57659df452d23a66504eb26dccbe6b351390a61050242ed2b1f,0,0,f5045dd74424efe25edaaebfa84802eeba5e8ca376816835f58145764a2efc01,f5045dd74424efe25edaaebfa84802eeba5e8ca376816835f58145764a2efc01,NA,NA,NA,NA,NA,NA,0x0.0p+0,0x0.0p+0,NA,NA,NA,NA,NA,NA,NA,NA,NA,false,true,true,candidates_invalidated
L1-D1.0,L1-MP-D1.0-REPLAY,35c44ca1df498ac517c3c9a9b8f691ee0ce8a4293f52b8a0262afce8438a62a3,MP-LC-06,L1-MP,safe_transactional,H2,0,BeginAttempt,replay,NA,L1-MP-1.0:safe_transactional,c60de7c443404f487dd04edfffc6c48eef9e008619bc109ddbd5ce3ad98a5120,f885129dca0a3edbc8144499c1c0d07d7440c191f3ef4dfd9c6f3a552b122ba9,a76306a9f4e5c57659df452d23a66504eb26dccbe6b351390a61050242ed2b1f,0,0,f5045dd74424efe25edaaebfa84802eeba5e8ca376816835f58145764a2efc01,f5045dd74424efe25edaaebfa84802eeba5e8ca376816835f58145764a2efc01,NA,NA,NA,NA,NA,NA,0x0.0p+0,0x0.0p+0,NA,NA,NA,NA,NA,NA,NA,NA,NA,false,true,true,attempt_declared
L1-D1.0,L1-MP-D1.0-REPLAY,35c44ca1df498ac517c3c9a9b8f691ee0ce8a4293f52b8a0262afce8438a62a3,MP-LC-06,L1-MP,safe_transactional,H2,1,EvaluateMaterial,replay,replay_candidate,L1-MP-1.0:safe_transactional,04a493abbd948ca3390f0efaebdcb9a45682e06cc1ef26c87a7dcb1d19a7ab4f,f885129dca0a3edbc8144499c1c0d07d7440c191f3ef4dfd9c6f3a552b122ba9,a76306a9f4e5c57659df452d23a66504eb26dccbe6b351390a61050242ed2b1f,0,0,f5045dd74424efe25edaaebfa84802eeba5e8ca376816835f58145764a2efc01,f5045dd74424efe25edaaebfa84802eeba5e8ca376816835f58145764a2efc01,cb01a5f6e537a7b31457f91fae719bc8c1473d818fbb3b40af81cbbc8f148e1e,NA,NA,0x1.47ae147ae147bp-8,NA,NA,0x0.0p+0,0x0.0p+0,0x1.0000000000000p-1,0x1.9000000000000p+6,NA,NA,0x0.0p+0,0x0.0p+0,accepted:0,accepted:0,NA,true,true,true,candidate_only
L1-D1.0,L1-MP-D1.0-REPLAY,35c44ca1df498ac517c3c9a9b8f691ee0ce8a4293f52b8a0262afce8438a62a3,MP-LC-06,L1-MP,safe_transactional,H2,2,RejectAttempt,replay,NA,L1-MP-1.0:safe_transactional,6a4877aa62840147abf9884ef2cb27793da94a48e226181cea586128907b101a,f885129dca0a3edbc8144499c1c0d07d7440c191f3ef4dfd9c6f3a552b122ba9,a76306a9f4e5c57659df452d23a66504eb26dccbe6b351390a61050242ed2b1f,0,0,f5045dd74424efe25edaaebfa84802eeba5e8ca376816835f58145764a2efc01,f5045dd74424efe25edaaebfa84802eeba5e8ca376816835f58145764a2efc01,NA,NA,NA,NA,NA,NA,0x0.0p+0,0x0.0p+0,NA,NA,NA,NA,NA,NA,NA,NA,NA,false,true,true,candidates_invalidated
L1-D1.0,L1-MP-D1.0-REPLAY,35c44ca1df498ac517c3c9a9b8f691ee0ce8a4293f52b8a0262afce8438a62a3,MP-LC-07,L1-MP,safe_local,H1,0,BeginAttempt,load,NA,L1-MP-1.0:safe_local,0aafdc8a11d12859a03b6e6282c5fd6aa5f6a607205a9f21679cdac44b337425,f885129dca0a3edbc8144499c1c0d07d7440c191f3ef4dfd9c6f3a552b122ba9,a76306a9f4e5c57659df452d23a66504eb26dccbe6b351390a61050242ed2b1f,0,0,f5045dd74424efe25edaaebfa84802eeba5e8ca376816835f58145764a2efc01,f5045dd74424efe25edaaebfa84802eeba5e8ca376816835f58145764a2efc01,NA,NA,NA,NA,NA,NA,0x0.0p+0,0x0.0p+0,NA,NA,NA,NA,NA,NA,NA,NA,NA,false,true,true,attempt_declared
L1-D1.0,L1-MP-D1.0-REPLAY,35c44ca1df498ac517c3c9a9b8f691ee0ce8a4293f52b8a0262afce8438a62a3,MP-LC-07,L1-MP,safe_local,H1,1,EvaluateMaterial,load,load_candidate,L1-MP-1.0:safe_local,74e5ca2a1ed356e16c9c3b1f62e343fc55ae1e94a62133ee0a20765fbd954a7c,f885129dca0a3edbc8144499c1c0d07d7440c191f3ef4dfd9c6f3a552b122ba9,a76306a9f4e5c57659df452d23a66504eb26dccbe6b351390a61050242ed2b1f,0,0,f5045dd74424efe25edaaebfa84802eeba5e8ca376816835f58145764a2efc01,f5045dd74424efe25edaaebfa84802eeba5e8ca376816835f58145764a2efc01,da9b0ee7e7181ffcd5da7adbc08c1e9bde3c2abafb39860eaf04a2f1327babd9,NA,NA,0x1.eb851eb851eb8p-6,NA,NA,0x0.0p+0,0x0.0p+0,0x1.2e8ba2e8ba2e9p+0,0x1.22e8ba2e8ba2fp+3,NA,NA,0x1.29e4129e4129ep-6,0x1.29e4129e4129ep-6,accepted:0,accepted:0,NA,false,true,true,candidate_only
L1-D1.0,L1-MP-D1.0-REPLAY,35c44ca1df498ac517c3c9a9b8f691ee0ce8a4293f52b8a0262afce8438a62a3,MP-LC-07,L1-MP,safe_local,H1,2,AcceptCandidate,load,load_candidate,L1-MP-1.0:safe_local,ee25327b62a50ef6c8aa32819c50e3bb0a86c17e2efb39d255942b88187f97cf,f885129dca0a3edbc8144499c1c0d07d7440c191f3ef4dfd9c6f3a552b122ba9,a76306a9f4e5c57659df452d23a66504eb26dccbe6b351390a61050242ed2b1f,0,1,f5045dd74424efe25edaaebfa84802eeba5e8ca376816835f58145764a2efc01,605a6a906b22eeb9d5b94d6ee765e444eb63aa75e7596ce182bf162a68050824,da9b0ee7e7181ffcd5da7adbc08c1e9bde3c2abafb39860eaf04a2f1327babd9,NA,NA,0x1.eb851eb851eb8p-6,NA,NA,0x0.0p+0,0x0.0p+0,0x1.2e8ba2e8ba2e9p+0,0x1.22e8ba2e8ba2fp+3,NA,NA,0x1.29e4129e4129ep-6,0x1.29e4129e4129ep-6,accepted:0,accepted:0,NA,false,true,true,accepted_once
L1-D1.0,L1-MP-D1.0-REPLAY,35c44ca1df498ac517c3c9a9b8f691ee0ce8a4293f52b8a0262afce8438a62a3,MP-LC-07,L1-MP,safe_local,H1,3,CheckpointWrite,NA,NA,L1-MP-1.0:safe_local,8bfd4965f4787231e19a458bef875ed4633593e929eee5a4880da1091cf624ee,f885129dca0a3edbc8144499c1c0d07d7440c191f3ef4dfd9c6f3a552b122ba9,a76306a9f4e5c57659df452d23a66504eb26dccbe6b351390a61050242ed2b1f,1,1,605a6a906b22eeb9d5b94d6ee765e444eb63aa75e7596ce182bf162a68050824,605a6a906b22eeb9d5b94d6ee765e444eb63aa75e7596ce182bf162a68050824,93ea76334f48523c2377920aba6ec4c411bc108049f194fbfdae7f45cfe2c62d,NA,NA,NA,NA,NA,0x1.29e4129e4129ep-6,0x1.29e4129e4129ep-6,NA,NA,NA,NA,NA,NA,NA,NA,NA,false,true,true,complete_committed_payload
L1-D1.0,L1-MP-D1.0-REPLAY,35c44ca1df498ac517c3c9a9b8f691ee0ce8a4293f52b8a0262afce8438a62a3,MP-LC-07,L1-MP,safe_local,H1,4,CheckpointRead,NA,NA,L1-MP-1.0:safe_local,4bfae3fdf558dce49138331144c19018ea4de9428d9f152662ea10af7d7ca2b0,f885129dca0a3edbc8144499c1c0d07d7440c191f3ef4dfd9c6f3a552b122ba9,a76306a9f4e5c57659df452d23a66504eb26dccbe6b351390a61050242ed2b1f,1,1,605a6a906b22eeb9d5b94d6ee765e444eb63aa75e7596ce182bf162a68050824,605a6a906b22eeb9d5b94d6ee765e444eb63aa75e7596ce182bf162a68050824,93ea76334f48523c2377920aba6ec4c411bc108049f194fbfdae7f45cfe2c62d,NA,NA,NA,NA,NA,0x1.29e4129e4129ep-6,0x1.29e4129e4129ep-6,NA,NA,NA,NA,NA,NA,NA,NA,NA,false,true,true,checkpoint_verified
L1-D1.0,L1-MP-D1.0-REPLAY,35c44ca1df498ac517c3c9a9b8f691ee0ce8a4293f52b8a0262afce8438a62a3,MP-LC-07,L1-MP,safe_local,H1,5,BeginAttempt,replay,NA,L1-MP-1.0:safe_local,a43a2dad2fa85a47172e519c498bdc63cd2c287cb038c1513cb59ba11fff233e,f885129dca0a3edbc8144499c1c0d07d7440c191f3ef4dfd9c6f3a552b122ba9,a76306a9f4e5c57659df452d23a66504eb26dccbe6b351390a61050242ed2b1f,1,1,605a6a906b22eeb9d5b94d6ee765e444eb63aa75e7596ce182bf162a68050824,605a6a906b22eeb9d5b94d6ee765e444eb63aa75e7596ce182bf162a68050824,NA,NA,NA,NA,NA,NA,0x1.29e4129e4129ep-6,0x1.29e4129e4129ep-6,NA,NA,NA,NA,NA,NA,NA,NA,NA,false,true,true,attempt_declared
L1-D1.0,L1-MP-D1.0-REPLAY,35c44ca1df498ac517c3c9a9b8f691ee0ce8a4293f52b8a0262afce8438a62a3,MP-LC-07,L1-MP,safe_local,H2,0,BeginAttempt,replay,NA,L1-MP-1.0:safe_local,a43a2dad2fa85a47172e519c498bdc63cd2c287cb038c1513cb59ba11fff233e,f885129dca0a3edbc8144499c1c0d07d7440c191f3ef4dfd9c6f3a552b122ba9,a76306a9f4e5c57659df452d23a66504eb26dccbe6b351390a61050242ed2b1f,1,1,605a6a906b22eeb9d5b94d6ee765e444eb63aa75e7596ce182bf162a68050824,605a6a906b22eeb9d5b94d6ee765e444eb63aa75e7596ce182bf162a68050824,NA,NA,NA,NA,NA,NA,0x1.29e4129e4129ep-6,0x1.29e4129e4129ep-6,NA,NA,NA,NA,NA,NA,NA,NA,NA,false,true,true,attempt_declared
L1-D1.0,L1-MP-D1.0-REPLAY,35c44ca1df498ac517c3c9a9b8f691ee0ce8a4293f52b8a0262afce8438a62a3,MP-LC-07,L1-MP,safe_local,H1,6,EvaluateMaterial,replay,replay_candidate,L1-MP-1.0:safe_local,45b9e048c99aabb5342f61c9856661f159fdc6b129da951e610b10172e6da380,f885129dca0a3edbc8144499c1c0d07d7440c191f3ef4dfd9c6f3a552b122ba9,a76306a9f4e5c57659df452d23a66504eb26dccbe6b351390a61050242ed2b1f,1,1,605a6a906b22eeb9d5b94d6ee765e444eb63aa75e7596ce182bf162a68050824,605a6a906b22eeb9d5b94d6ee765e444eb63aa75e7596ce182bf162a68050824,b99a9c9dd3d8211ec55d64a328c0fc986567eb7a21d070ca5b5df1e4db683f44,NA,NA,0x1.47ae147ae147bp-8,NA,NA,0x1.29e4129e4129ep-6,0x1.29e4129e4129ep-6,-0x1.31b810ecf56bfp+0,0x1.22e8ba2e8ba2fp+3,NA,NA,0x1.159485b65fa14p-6,0x1.3e339f8622b28p-6,accepted:1,accepted:1,NA,false,true,true,candidate_only
L1-D1.0,L1-MP-D1.0-REPLAY,35c44ca1df498ac517c3c9a9b8f691ee0ce8a4293f52b8a0262afce8438a62a3,MP-LC-07,L1-MP,safe_local,H2,1,EvaluateMaterial,replay,replay_candidate,L1-MP-1.0:safe_local,45b9e048c99aabb5342f61c9856661f159fdc6b129da951e610b10172e6da380,f885129dca0a3edbc8144499c1c0d07d7440c191f3ef4dfd9c6f3a552b122ba9,a76306a9f4e5c57659df452d23a66504eb26dccbe6b351390a61050242ed2b1f,1,1,605a6a906b22eeb9d5b94d6ee765e444eb63aa75e7596ce182bf162a68050824,605a6a906b22eeb9d5b94d6ee765e444eb63aa75e7596ce182bf162a68050824,9a5692ccfd7b27a6b38d5f36b2d8ee7acb8e8b34ee0ceba4e7ac87dc682685ff,NA,NA,0x1.47ae147ae147bp-8,NA,NA,0x1.29e4129e4129ep-6,0x1.29e4129e4129ep-6,-0x1.31b810ecf56bfp+0,0x1.22e8ba2e8ba2fp+3,NA,NA,0x1.159485b65fa14p-6,0x1.3e339f8622b28p-6,accepted:1,accepted:1,NA,false,true,true,candidate_only
L1-D1.0,L1-MP-D1.0-REPLAY,35c44ca1df498ac517c3c9a9b8f691ee0ce8a4293f52b8a0262afce8438a62a3,MP-LC-07,L1-MP,safe_local,H1,7,RejectAttempt,replay,NA,L1-MP-1.0:safe_local,f366711ac0c8f635779cccc1fa186f9f8b69ea64c2270088d603e4c18e71fb23,f885129dca0a3edbc8144499c1c0d07d7440c191f3ef4dfd9c6f3a552b122ba9,a76306a9f4e5c57659df452d23a66504eb26dccbe6b351390a61050242ed2b1f,1,1,605a6a906b22eeb9d5b94d6ee765e444eb63aa75e7596ce182bf162a68050824,605a6a906b22eeb9d5b94d6ee765e444eb63aa75e7596ce182bf162a68050824,NA,NA,NA,NA,NA,NA,0x1.29e4129e4129ep-6,0x1.29e4129e4129ep-6,NA,NA,NA,NA,NA,NA,NA,NA,NA,false,true,true,candidates_invalidated
L1-D1.0,L1-MP-D1.0-REPLAY,35c44ca1df498ac517c3c9a9b8f691ee0ce8a4293f52b8a0262afce8438a62a3,MP-LC-07,L1-MP,safe_local,H2,2,RejectAttempt,replay,NA,L1-MP-1.0:safe_local,f366711ac0c8f635779cccc1fa186f9f8b69ea64c2270088d603e4c18e71fb23,f885129dca0a3edbc8144499c1c0d07d7440c191f3ef4dfd9c6f3a552b122ba9,a76306a9f4e5c57659df452d23a66504eb26dccbe6b351390a61050242ed2b1f,1,1,605a6a906b22eeb9d5b94d6ee765e444eb63aa75e7596ce182bf162a68050824,605a6a906b22eeb9d5b94d6ee765e444eb63aa75e7596ce182bf162a68050824,NA,NA,NA,NA,NA,NA,0x1.29e4129e4129ep-6,0x1.29e4129e4129ep-6,NA,NA,NA,NA,NA,NA,NA,NA,NA,false,true,true,candidates_invalidated
L1-D1.0,L1-MP-D1.0-REPLAY,35c44ca1df498ac517c3c9a9b8f691ee0ce8a4293f52b8a0262afce8438a62a3,MP-LC-07,L1-MP,safe_transactional,H1,0,BeginAttempt,load,NA,L1-MP-1.0:safe_transactional,2640a40675bfa0cb016b29a77571e72cb9ae5ce40a78c55f1f938653e5be3172,f885129dca0a3edbc8144499c1c0d07d7440c191f3ef4dfd9c6f3a552b122ba9,a76306a9f4e5c57659df452d23a66504eb26dccbe6b351390a61050242ed2b1f,0,0,f5045dd74424efe25edaaebfa84802eeba5e8ca376816835f58145764a2efc01,f5045dd74424efe25edaaebfa84802eeba5e8ca376816835f58145764a2efc01,NA,NA,NA,NA,NA,NA,0x0.0p+0,0x0.0p+0,NA,NA,NA,NA,NA,NA,NA,NA,NA,false,true,true,attempt_declared
L1-D1.0,L1-MP-D1.0-REPLAY,35c44ca1df498ac517c3c9a9b8f691ee0ce8a4293f52b8a0262afce8438a62a3,MP-LC-07,L1-MP,safe_transactional,H1,1,EvaluateMaterial,load,load_candidate,L1-MP-1.0:safe_transactional,5a96abb7bbfbab2b1281c8cbaa7dacc2610b9fde0dc1f8030dbae32d7de6bd6a,f885129dca0a3edbc8144499c1c0d07d7440c191f3ef4dfd9c6f3a552b122ba9,a76306a9f4e5c57659df452d23a66504eb26dccbe6b351390a61050242ed2b1f,0,0,f5045dd74424efe25edaaebfa84802eeba5e8ca376816835f58145764a2efc01,f5045dd74424efe25edaaebfa84802eeba5e8ca376816835f58145764a2efc01,da9b0ee7e7181ffcd5da7adbc08c1e9bde3c2abafb39860eaf04a2f1327babd9,NA,NA,0x1.eb851eb851eb8p-6,NA,NA,0x0.0p+0,0x0.0p+0,0x1.2e8ba2e8ba2e9p+0,0x1.22e8ba2e8ba2fp+3,NA,NA,0x1.29e4129e4129ep-6,0x1.29e4129e4129ep-6,accepted:0,accepted:0,NA,true,true,true,candidate_only
L1-D1.0,L1-MP-D1.0-REPLAY,35c44ca1df498ac517c3c9a9b8f691ee0ce8a4293f52b8a0262afce8438a62a3,MP-LC-07,L1-MP,safe_transactional,H1,2,AcceptCandidate,load,load_candidate,L1-MP-1.0:safe_transactional,72701cddac663ab2cea7ceed7463fff5d5cfd6a0c95229cadb2f9c1943789b36,f885129dca0a3edbc8144499c1c0d07d7440c191f3ef4dfd9c6f3a552b122ba9,a76306a9f4e5c57659df452d23a66504eb26dccbe6b351390a61050242ed2b1f,0,1,f5045dd74424efe25edaaebfa84802eeba5e8ca376816835f58145764a2efc01,605a6a906b22eeb9d5b94d6ee765e444eb63aa75e7596ce182bf162a68050824,da9b0ee7e7181ffcd5da7adbc08c1e9bde3c2abafb39860eaf04a2f1327babd9,NA,NA,0x1.eb851eb851eb8p-6,NA,NA,0x0.0p+0,0x0.0p+0,0x1.2e8ba2e8ba2e9p+0,0x1.22e8ba2e8ba2fp+3,NA,NA,0x1.29e4129e4129ep-6,0x1.29e4129e4129ep-6,accepted:0,accepted:0,NA,false,true,true,accepted_once
L1-D1.0,L1-MP-D1.0-REPLAY,35c44ca1df498ac517c3c9a9b8f691ee0ce8a4293f52b8a0262afce8438a62a3,MP-LC-07,L1-MP,safe_transactional,H1,3,CheckpointWrite,NA,NA,L1-MP-1.0:safe_transactional,164bc555d39e4fe13913d01c2789f2254106a15d18dd9e5ddd88c6881f65634c,f885129dca0a3edbc8144499c1c0d07d7440c191f3ef4dfd9c6f3a552b122ba9,a76306a9f4e5c57659df452d23a66504eb26dccbe6b351390a61050242ed2b1f,1,1,605a6a906b22eeb9d5b94d6ee765e444eb63aa75e7596ce182bf162a68050824,605a6a906b22eeb9d5b94d6ee765e444eb63aa75e7596ce182bf162a68050824,93ea76334f48523c2377920aba6ec4c411bc108049f194fbfdae7f45cfe2c62d,NA,NA,NA,NA,NA,0x1.29e4129e4129ep-6,0x1.29e4129e4129ep-6,NA,NA,NA,NA,NA,NA,NA,NA,NA,false,true,true,complete_committed_payload
L1-D1.0,L1-MP-D1.0-REPLAY,35c44ca1df498ac517c3c9a9b8f691ee0ce8a4293f52b8a0262afce8438a62a3,MP-LC-07,L1-MP,safe_transactional,H1,4,CheckpointRead,NA,NA,L1-MP-1.0:safe_transactional,977e26a0e940495ac11b2e72fc8a8b21b0ee29ca030bf4503bc5a767412ee196,f885129dca0a3edbc8144499c1c0d07d7440c191f3ef4dfd9c6f3a552b122ba9,a76306a9f4e5c57659df452d23a66504eb26dccbe6b351390a61050242ed2b1f,1,1,605a6a906b22eeb9d5b94d6ee765e444eb63aa75e7596ce182bf162a68050824,605a6a906b22eeb9d5b94d6ee765e444eb63aa75e7596ce182bf162a68050824,93ea76334f48523c2377920aba6ec4c411bc108049f194fbfdae7f45cfe2c62d,NA,NA,NA,NA,NA,0x1.29e4129e4129ep-6,0x1.29e4129e4129ep-6,NA,NA,NA,NA,NA,NA,NA,NA,NA,false,true,true,checkpoint_verified
L1-D1.0,L1-MP-D1.0-REPLAY,35c44ca1df498ac517c3c9a9b8f691ee0ce8a4293f52b8a0262afce8438a62a3,MP-LC-07,L1-MP,safe_transactional,H1,5,BeginAttempt,replay,NA,L1-MP-1.0:safe_transactional,0165b4125ded13c5bb238c535f0e2767ed4ef3d34a8373c879808744e783d177,f885129dca0a3edbc8144499c1c0d07d7440c191f3ef4dfd9c6f3a552b122ba9,a76306a9f4e5c57659df452d23a66504eb26dccbe6b351390a61050242ed2b1f,1,1,605a6a906b22eeb9d5b94d6ee765e444eb63aa75e7596ce182bf162a68050824,605a6a906b22eeb9d5b94d6ee765e444eb63aa75e7596ce182bf162a68050824,NA,NA,NA,NA,NA,NA,0x1.29e4129e4129ep-6,0x1.29e4129e4129ep-6,NA,NA,NA,NA,NA,NA,NA,NA,NA,false,true,true,attempt_declared
L1-D1.0,L1-MP-D1.0-REPLAY,35c44ca1df498ac517c3c9a9b8f691ee0ce8a4293f52b8a0262afce8438a62a3,MP-LC-07,L1-MP,safe_transactional,H2,0,BeginAttempt,replay,NA,L1-MP-1.0:safe_transactional,0165b4125ded13c5bb238c535f0e2767ed4ef3d34a8373c879808744e783d177,f885129dca0a3edbc8144499c1c0d07d7440c191f3ef4dfd9c6f3a552b122ba9,a76306a9f4e5c57659df452d23a66504eb26dccbe6b351390a61050242ed2b1f,1,1,605a6a906b22eeb9d5b94d6ee765e444eb63aa75e7596ce182bf162a68050824,605a6a906b22eeb9d5b94d6ee765e444eb63aa75e7596ce182bf162a68050824,NA,NA,NA,NA,NA,NA,0x1.29e4129e4129ep-6,0x1.29e4129e4129ep-6,NA,NA,NA,NA,NA,NA,NA,NA,NA,false,true,true,attempt_declared
L1-D1.0,L1-MP-D1.0-REPLAY,35c44ca1df498ac517c3c9a9b8f691ee0ce8a4293f52b8a0262afce8438a62a3,MP-LC-07,L1-MP,safe_transactional,H1,6,EvaluateMaterial,replay,replay_candidate,L1-MP-1.0:safe_transactional,82f36ba2049844bfcfc3cd3033c151a6a013908a34c87f8194529c4e6b6b4ee7,f885129dca0a3edbc8144499c1c0d07d7440c191f3ef4dfd9c6f3a552b122ba9,a76306a9f4e5c57659df452d23a66504eb26dccbe6b351390a61050242ed2b1f,1,1,605a6a906b22eeb9d5b94d6ee765e444eb63aa75e7596ce182bf162a68050824,605a6a906b22eeb9d5b94d6ee765e444eb63aa75e7596ce182bf162a68050824,b99a9c9dd3d8211ec55d64a328c0fc986567eb7a21d070ca5b5df1e4db683f44,NA,NA,0x1.47ae147ae147bp-8,NA,NA,0x1.29e4129e4129ep-6,0x1.29e4129e4129ep-6,-0x1.31b810ecf56bfp+0,0x1.22e8ba2e8ba2fp+3,NA,NA,0x1.159485b65fa14p-6,0x1.3e339f8622b28p-6,accepted:1,accepted:1,NA,true,true,true,candidate_only
L1-D1.0,L1-MP-D1.0-REPLAY,35c44ca1df498ac517c3c9a9b8f691ee0ce8a4293f52b8a0262afce8438a62a3,MP-LC-07,L1-MP,safe_transactional,H2,1,EvaluateMaterial,replay,replay_candidate,L1-MP-1.0:safe_transactional,82f36ba2049844bfcfc3cd3033c151a6a013908a34c87f8194529c4e6b6b4ee7,f885129dca0a3edbc8144499c1c0d07d7440c191f3ef4dfd9c6f3a552b122ba9,a76306a9f4e5c57659df452d23a66504eb26dccbe6b351390a61050242ed2b1f,1,1,605a6a906b22eeb9d5b94d6ee765e444eb63aa75e7596ce182bf162a68050824,605a6a906b22eeb9d5b94d6ee765e444eb63aa75e7596ce182bf162a68050824,9a5692ccfd7b27a6b38d5f36b2d8ee7acb8e8b34ee0ceba4e7ac87dc682685ff,NA,NA,0x1.47ae147ae147bp-8,NA,NA,0x1.29e4129e4129ep-6,0x1.29e4129e4129ep-6,-0x1.31b810ecf56bfp+0,0x1.22e8ba2e8ba2fp+3,NA,NA,0x1.159485b65fa14p-6,0x1.3e339f8622b28p-6,accepted:1,accepted:1,NA,true,true,true,candidate_only
L1-D1.0,L1-MP-D1.0-REPLAY,35c44ca1df498ac517c3c9a9b8f691ee0ce8a4293f52b8a0262afce8438a62a3,MP-LC-07,L1-MP,safe_transactional,H1,7,RejectAttempt,replay,NA,L1-MP-1.0:safe_transactional,0558a731c98a69c41a301aa8f82734fbc129106b67e9742eea3d8b037906eee1,f885129dca0a3edbc8144499c1c0d07d7440c191f3ef4dfd9c6f3a552b122ba9,a76306a9f4e5c57659df452d23a66504eb26dccbe6b351390a61050242ed2b1f,1,1,605a6a906b22eeb9d5b94d6ee765e444eb63aa75e7596ce182bf162a68050824,605a6a906b22eeb9d5b94d6ee765e444eb63aa75e7596ce182bf162a68050824,NA,NA,NA,NA,NA,NA,0x1.29e4129e4129ep-6,0x1.29e4129e4129ep-6,NA,NA,NA,NA,NA,NA,NA,NA,NA,false,true,true,candidates_invalidated
L1-D1.0,L1-MP-D1.0-REPLAY,35c44ca1df498ac517c3c9a9b8f691ee0ce8a4293f52b8a0262afce8438a62a3,MP-LC-07,L1-MP,safe_transactional,H2,2,RejectAttempt,replay,NA,L1-MP-1.0:safe_transactional,0558a731c98a69c41a301aa8f82734fbc129106b67e9742eea3d8b037906eee1,f885129dca0a3edbc8144499c1c0d07d7440c191f3ef4dfd9c6f3a552b122ba9,a76306a9f4e5c57659df452d23a66504eb26dccbe6b351390a61050242ed2b1f,1,1,605a6a906b22eeb9d5b94d6ee765e444eb63aa75e7596ce182bf162a68050824,605a6a906b22eeb9d5b94d6ee765e444eb63aa75e7596ce182bf162a68050824,NA,NA,NA,NA,NA,NA,0x1.29e4129e4129ep-6,0x1.29e4129e4129ep-6,NA,NA,NA,NA,NA,NA,NA,NA,NA,false,true,true,candidates_invalidated
L1-D1.0,L1-MP-D1.0-REPLAY,35c44ca1df498ac517c3c9a9b8f691ee0ce8a4293f52b8a0262afce8438a62a3,MP-OP-01,L1-MP,safe_local,REFERENCE,0,BeginAttempt,directional,NA,L1-MP-1.0:safe_local,a9956c95e416e3efa1718f45e8bf93c74c1e0a964aba1b1ed2894ee86f1c4e8e,f885129dca0a3edbc8144499c1c0d07d7440c191f3ef4dfd9c6f3a552b122ba9,a76306a9f4e5c57659df452d23a66504eb26dccbe6b351390a61050242ed2b1f,0,0,f5045dd74424efe25edaaebfa84802eeba5e8ca376816835f58145764a2efc01,f5045dd74424efe25edaaebfa84802eeba5e8ca376816835f58145764a2efc01,NA,NA,NA,NA,NA,NA,0x0.0p+0,0x0.0p+0,NA,NA,NA,NA,NA,NA,NA,NA,NA,false,true,true,attempt_declared
L1-D1.0,L1-MP-D1.0-REPLAY,35c44ca1df498ac517c3c9a9b8f691ee0ce8a4293f52b8a0262afce8438a62a3,MP-OP-01,L1-MP,safe_local,REFERENCE,1,EvaluateMaterial,directional,minus_candidate,L1-MP-1.0:safe_local,ea3fa9cf2ddeba43efbb9f891381939abf0e4deb08b260f4b5c8db7df7cab4c1,f885129dca0a3edbc8144499c1c0d07d7440c191f3ef4dfd9c6f3a552b122ba9,a76306a9f4e5c57659df452d23a66504eb26dccbe6b351390a61050242ed2b1f,0,0,f5045dd74424efe25edaaebfa84802eeba5e8ca376816835f58145764a2efc01,f5045dd74424efe25edaaebfa84802eeba5e8ca376816835f58145764a2efc01,b4189200d3e3522477ba09639adab771e6f02b2f289a47473f5037b93c9d4452,NA,NA,0x1.47ac66fbb79bep-8,NA,NA,0x0.0p+0,0x0.0p+0,0x1.fffd60e94ee39p-2,0x1.9000000000000p+6,NA,NA,0x0.0p+0,0x0.0p+0,accepted:0,accepted:0,NA,false,true,true,candidate_only
L1-D1.0,L1-MP-D1.0-REPLAY,35c44ca1df498ac517c3c9a9b8f691ee0ce8a4293f52b8a0262afce8438a62a3,MP-OP-01,L1-MP,safe_local,REFERENCE,2,EvaluateMaterial,directional,base_candidate,L1-MP-1.0:safe_local,05584a1fd33250790f88d0b1744aa42afa4887f9f15610d488dc9ef77b9c4bb7,f885129dca0a3edbc8144499c1c0d07d7440c191f3ef4dfd9c6f3a552b122ba9,a76306a9f4e5c57659df452d23a66504eb26dccbe6b351390a61050242ed2b1f,0,0,f5045dd74424efe25edaaebfa84802eeba5e8ca376816835f58145764a2efc01,f5045dd74424efe25edaaebfa84802eeba5e8ca376816835f58145764a2efc01,7f5f210b9a4fc773059887eb786f296241c4ed28671a76da2e1e94e8cca8a3c4,NA,NA,0x1.47ae147ae147bp-8,NA,NA,0x0.0p+0,0x0.0p+0,0x1.0000000000000p-1,0x1.9000000000000p+6,NA,NA,0x0.0p+0,0x0.0p+0,accepted:0,accepted:0,NA,false,true,true,candidate_only
L1-D1.0,L1-MP-D1.0-REPLAY,35c44ca1df498ac517c3c9a9b8f691ee0ce8a4293f52b8a0262afce8438a62a3,MP-OP-01,L1-MP,safe_local,REFERENCE,3,EvaluateMaterial,directional,plus_candidate,L1-MP-1.0:safe_local,25e1decc71bded17611270eda10860497426093e3226ca9bc0d973612b232b08,f885129dca0a3edbc8144499c1c0d07d7440c191f3ef4dfd9c6f3a552b122ba9,a76306a9f4e5c57659df452d23a66504eb26dccbe6b351390a61050242ed2b1f,0,0,f5045dd74424efe25edaaebfa84802eeba5e8ca376816835f58145764a2efc01,f5045dd74424efe25edaaebfa84802eeba5e8ca376816835f58145764a2efc01,e907b23576b0bbc0abae05b394776988897a6c661c722b50d2c51f0f671d160b,NA,NA,0x1.47afc1fa0af38p-8,NA,NA,0x0.0p+0,0x0.0p+0,0x1.00014f8b588e4p-1,0x1.9000000000000p+6,NA,NA,0x0.0p+0,0x0.0p+0,accepted:0,accepted:0,NA,false,true,true,candidate_only
L1-D1.0,L1-MP-D1.0-REPLAY,35c44ca1df498ac517c3c9a9b8f691ee0ce8a4293f52b8a0262afce8438a62a3,MP-OP-01,L1-MP,safe_local,REFERENCE,4,RejectAttempt,directional,NA,L1-MP-1.0:safe_local,59d3bdf5ec35e3a5fa841a7d19f5eb0890687690a64518780ffac0dcb2e459b7,f885129dca0a3edbc8144499c1c0d07d7440c191f3ef4dfd9c6f3a552b122ba9,a76306a9f4e5c57659df452d23a66504eb26dccbe6b351390a61050242ed2b1f,0,0,f5045dd74424efe25edaaebfa84802eeba5e8ca376816835f58145764a2efc01,f5045dd74424efe25edaaebfa84802eeba5e8ca376816835f58145764a2efc01,NA,NA,NA,NA,NA,NA,0x0.0p+0,0x0.0p+0,NA,NA,NA,NA,NA,NA,NA,NA,NA,false,true,true,candidates_invalidated
L1-D1.0,L1-MP-D1.0-REPLAY,35c44ca1df498ac517c3c9a9b8f691ee0ce8a4293f52b8a0262afce8438a62a3,MP-OP-01,L1-MP,safe_transactional,REFERENCE,0,BeginAttempt,directional,NA,L1-MP-1.0:safe_transactional,7e0f0527d56c060cda849be6233a8a57c71e602d6fb311603c2e9f53214b160f,f885129dca0a3edbc8144499c1c0d07d7440c191f3ef4dfd9c6f3a552b122ba9,a76306a9f4e5c57659df452d23a66504eb26dccbe6b351390a61050242ed2b1f,0,0,f5045dd74424efe25edaaebfa84802eeba5e8ca376816835f58145764a2efc01,f5045dd74424efe25edaaebfa84802eeba5e8ca376816835f58145764a2efc01,NA,NA,NA,NA,NA,NA,0x0.0p+0,0x0.0p+0,NA,NA,NA,NA,NA,NA,NA,NA,NA,false,true,true,attempt_declared
L1-D1.0,L1-MP-D1.0-REPLAY,35c44ca1df498ac517c3c9a9b8f691ee0ce8a4293f52b8a0262afce8438a62a3,MP-OP-01,L1-MP,safe_transactional,REFERENCE,1,EvaluateMaterial,directional,minus_candidate,L1-MP-1.0:safe_transactional,13bc5f963434ab1eb1666c11f7f0c87fa6fe420a0e0cca4ff0f8954ce4b65bcd,f885129dca0a3edbc8144499c1c0d07d7440c191f3ef4dfd9c6f3a552b122ba9,a76306a9f4e5c57659df452d23a66504eb26dccbe6b351390a61050242ed2b1f,0,0,f5045dd74424efe25edaaebfa84802eeba5e8ca376816835f58145764a2efc01,f5045dd74424efe25edaaebfa84802eeba5e8ca376816835f58145764a2efc01,b4189200d3e3522477ba09639adab771e6f02b2f289a47473f5037b93c9d4452,NA,NA,0x1.47ac66fbb79bep-8,NA,NA,0x0.0p+0,0x0.0p+0,0x1.fffd60e94ee39p-2,0x1.9000000000000p+6,NA,NA,0x0.0p+0,0x0.0p+0,accepted:0,accepted:0,NA,true,true,true,candidate_only
L1-D1.0,L1-MP-D1.0-REPLAY,35c44ca1df498ac517c3c9a9b8f691ee0ce8a4293f52b8a0262afce8438a62a3,MP-OP-01,L1-MP,safe_transactional,REFERENCE,2,EvaluateMaterial,directional,base_candidate,L1-MP-1.0:safe_transactional,0d7cc7f6aad37f68b8d57bea221e9054f6be129e40197b28cf3a45d81c5fd926,f885129dca0a3edbc8144499c1c0d07d7440c191f3ef4dfd9c6f3a552b122ba9,a76306a9f4e5c57659df452d23a66504eb26dccbe6b351390a61050242ed2b1f,0,0,f5045dd74424efe25edaaebfa84802eeba5e8ca376816835f58145764a2efc01,f5045dd74424efe25edaaebfa84802eeba5e8ca376816835f58145764a2efc01,7f5f210b9a4fc773059887eb786f296241c4ed28671a76da2e1e94e8cca8a3c4,NA,NA,0x1.47ae147ae147bp-8,NA,NA,0x0.0p+0,0x0.0p+0,0x1.0000000000000p-1,0x1.9000000000000p+6,NA,NA,0x0.0p+0,0x0.0p+0,accepted:0,accepted:0,NA,true,true,true,candidate_only
L1-D1.0,L1-MP-D1.0-REPLAY,35c44ca1df498ac517c3c9a9b8f691ee0ce8a4293f52b8a0262afce8438a62a3,MP-OP-01,L1-MP,safe_transactional,REFERENCE,3,EvaluateMaterial,directional,plus_candidate,L1-MP-1.0:safe_transactional,b9c9ef6167aeacfbfb4194e81c40bac9bec702f356ac2b9b66affe1fd42b9ab2,f885129dca0a3edbc8144499c1c0d07d7440c191f3ef4dfd9c6f3a552b122ba9,a76306a9f4e5c57659df452d23a66504eb26dccbe6b351390a61050242ed2b1f,0,0,f5045dd74424efe25edaaebfa84802eeba5e8ca376816835f58145764a2efc01,f5045dd74424efe25edaaebfa84802eeba5e8ca376816835f58145764a2efc01,e907b23576b0bbc0abae05b394776988897a6c661c722b50d2c51f0f671d160b,NA,NA,0x1.47afc1fa0af38p-8,NA,NA,0x0.0p+0,0x0.0p+0,0x1.00014f8b588e4p-1,0x1.9000000000000p+6,NA,NA,0x0.0p+0,0x0.0p+0,accepted:0,accepted:0,NA,true,true,true,candidate_only
L1-D1.0,L1-MP-D1.0-REPLAY,35c44ca1df498ac517c3c9a9b8f691ee0ce8a4293f52b8a0262afce8438a62a3,MP-OP-01,L1-MP,safe_transactional,REFERENCE,4,RejectAttempt,directional,NA,L1-MP-1.0:safe_transactional,dd94e1e3aa39bebb1642be9cb1b84e8fb1091c60eaf14cc8f5828a5b725ce249,f885129dca0a3edbc8144499c1c0d07d7440c191f3ef4dfd9c6f3a552b122ba9,a76306a9f4e5c57659df452d23a66504eb26dccbe6b351390a61050242ed2b1f,0,0,f5045dd74424efe25edaaebfa84802eeba5e8ca376816835f58145764a2efc01,f5045dd74424efe25edaaebfa84802eeba5e8ca376816835f58145764a2efc01,NA,NA,NA,NA,NA,NA,0x0.0p+0,0x0.0p+0,NA,NA,NA,NA,NA,NA,NA,NA,NA,false,true,true,candidates_invalidated
L1-D1.0,L1-MP-D1.0-REPLAY,35c44ca1df498ac517c3c9a9b8f691ee0ce8a4293f52b8a0262afce8438a62a3,MP-OP-02,L1-MP,safe_local,REFERENCE,0,BeginAttempt,directional,NA,L1-MP-1.0:safe_local,117167f33d715530b42dfeeb2f33b5d015162d050beb3096cae6fa4a6ff2f498,f885129dca0a3edbc8144499c1c0d07d7440c191f3ef4dfd9c6f3a552b122ba9,a76306a9f4e5c57659df452d23a66504eb26dccbe6b351390a61050242ed2b1f,0,0,f5045dd74424efe25edaaebfa84802eeba5e8ca376816835f58145764a2efc01,f5045dd74424efe25edaaebfa84802eeba5e8ca376816835f58145764a2efc01,NA,NA,NA,NA,NA,NA,0x0.0p+0,0x0.0p+0,NA,NA,NA,NA,NA,NA,NA,NA,NA,false,true,true,attempt_declared
L1-D1.0,L1-MP-D1.0-REPLAY,35c44ca1df498ac517c3c9a9b8f691ee0ce8a4293f52b8a0262afce8438a62a3,MP-OP-02,L1-MP,safe_local,REFERENCE,1,EvaluateMaterial,directional,minus_candidate,L1-MP-1.0:safe_local,bb7442c1e32333285632a488e9be557778430f0f8635f757c2de4511da03cf57,f885129dca0a3edbc8144499c1c0d07d7440c191f3ef4dfd9c6f3a552b122ba9,a76306a9f4e5c57659df452d23a66504eb26dccbe6b351390a61050242ed2b1f,0,0,f5045dd74424efe25edaaebfa84802eeba5e8ca376816835f58145764a2efc01,f5045dd74424efe25edaaebfa84802eeba5e8ca376816835f58145764a2efc01,7d99b9fc0d5776d892a37087c1419f11a685d0c3fa31d3228fa71ef9c74c7ab9,NA,NA,0x1.eb84b35887809p-6,NA,NA,0x0.0p+0,0x0.0p+0,0x1.2e8b93a836281p+0,0x1.22e8ba2e8ba2fp+3,NA,NA,0x1.29e3b1015a9a2p-6,0x1.29e3b1015a9a2p-6,accepted:0,accepted:0,NA,false,true,true,candidate_only
L1-D1.0,L1-MP-D1.0-REPLAY,35c44ca1df498ac517c3c9a9b8f691ee0ce8a4293f52b8a0262afce8438a62a3,MP-OP-02,L1-MP,safe_local,REFERENCE,2,EvaluateMaterial,directional,base_candidate,L1-MP-1.0:safe_local,b70aa255d3be59fb5e283f39641683dc72d305b69dff266fac8df14331989795,f885129dca0a3edbc8144499c1c0d07d7440c191f3ef4dfd9c6f3a552b122ba9,a76306a9f4e5c57659df452d23a66504eb26dccbe6b351390a61050242ed2b1f,0,0,f5045dd74424efe25edaaebfa84802eeba5e8ca376816835f58145764a2efc01,f5045dd74424efe25edaaebfa84802eeba5e8ca376816835f58145764a2efc01,b2b2bcdb5f0f82d28f933b8e3e70920be5ea26c6d03d916ee9e2b260bcbf7d20,NA,NA,0x1.eb851eb851eb8p-6,NA,NA,0x0.0p+0,0x0.0p+0,0x1.2e8ba2e8ba2e9p+0,0x1.22e8ba2e8ba2fp+3,NA,NA,0x1.29e4129e4129ep-6,0x1.29e4129e4129ep-6,accepted:0,accepted:0,NA,false,true,true,candidate_only
L1-D1.0,L1-MP-D1.0-REPLAY,35c44ca1df498ac517c3c9a9b8f691ee0ce8a4293f52b8a0262afce8438a62a3,MP-OP-02,L1-MP,safe_local,REFERENCE,3,EvaluateMaterial,directional,plus_candidate,L1-MP-1.0:safe_local,b92a995202f30c9c1cb1b334abcb79377221227001749593517f5c18a49ee523,f885129dca0a3edbc8144499c1c0d07d7440c191f3ef4dfd9c6f3a552b122ba9,a76306a9f4e5c57659df452d23a66504eb26dccbe6b351390a61050242ed2b1f,0,0,f5045dd74424efe25edaaebfa84802eeba5e8ca376816835f58145764a2efc01,f5045dd74424efe25edaaebfa84802eeba5e8ca376816835f58145764a2efc01,0963790712259ad04014ccc5d9155c64ae3cf8d317be6e8246e3b6ffc9855beb,NA,NA,0x1.eb858a181c567p-6,NA,NA,0x0.0p+0,0x0.0p+0,0x1.2e8bb2293e34fp+0,0x1.22e8ba2e8ba2fp+3,NA,NA,0x1.29e4743b27b9ap-6,0x1.29e4743b27b9ap-6,accepted:0,accepted:0,NA,false,true,true,candidate_only
L1-D1.0,L1-MP-D1.0-REPLAY,35c44ca1df498ac517c3c9a9b8f691ee0ce8a4293f52b8a0262afce8438a62a3,MP-OP-02,L1-MP,safe_local,REFERENCE,4,RejectAttempt,directional,NA,L1-MP-1.0:safe_local,1bf518f35ab79e4fc3c89d2ff6ea7aaf8e2f86e028b87bab8f8cdaf8da86bc80,f885129dca0a3edbc8144499c1c0d07d7440c191f3ef4dfd9c6f3a552b122ba9,a76306a9f4e5c57659df452d23a66504eb26dccbe6b351390a61050242ed2b1f,0,0,f5045dd74424efe25edaaebfa84802eeba5e8ca376816835f58145764a2efc01,f5045dd74424efe25edaaebfa84802eeba5e8ca376816835f58145764a2efc01,NA,NA,NA,NA,NA,NA,0x0.0p+0,0x0.0p+0,NA,NA,NA,NA,NA,NA,NA,NA,NA,false,true,true,candidates_invalidated
L1-D1.0,L1-MP-D1.0-REPLAY,35c44ca1df498ac517c3c9a9b8f691ee0ce8a4293f52b8a0262afce8438a62a3,MP-OP-02,L1-MP,safe_transactional,REFERENCE,0,BeginAttempt,directional,NA,L1-MP-1.0:safe_transactional,f00ca29f153da27b939b488c4ce509f90b03bd436046cf24bab0d5ba85d1564f,f885129dca0a3edbc8144499c1c0d07d7440c191f3ef4dfd9c6f3a552b122ba9,a76306a9f4e5c57659df452d23a66504eb26dccbe6b351390a61050242ed2b1f,0,0,f5045dd74424efe25edaaebfa84802eeba5e8ca376816835f58145764a2efc01,f5045dd74424efe25edaaebfa84802eeba5e8ca376816835f58145764a2efc01,NA,NA,NA,NA,NA,NA,0x0.0p+0,0x0.0p+0,NA,NA,NA,NA,NA,NA,NA,NA,NA,false,true,true,attempt_declared
L1-D1.0,L1-MP-D1.0-REPLAY,35c44ca1df498ac517c3c9a9b8f691ee0ce8a4293f52b8a0262afce8438a62a3,MP-OP-02,L1-MP,safe_transactional,REFERENCE,1,EvaluateMaterial,directional,minus_candidate,L1-MP-1.0:safe_transactional,3657569f61254a1271022cdd3f794d67e0af775f0ed6c3c9f1c11b0066b0fdc4,f885129dca0a3edbc8144499c1c0d07d7440c191f3ef4dfd9c6f3a552b122ba9,a76306a9f4e5c57659df452d23a66504eb26dccbe6b351390a61050242ed2b1f,0,0,f5045dd74424efe25edaaebfa84802eeba5e8ca376816835f58145764a2efc01,f5045dd74424efe25edaaebfa84802eeba5e8ca376816835f58145764a2efc01,7d99b9fc0d5776d892a37087c1419f11a685d0c3fa31d3228fa71ef9c74c7ab9,NA,NA,0x1.eb84b35887809p-6,NA,NA,0x0.0p+0,0x0.0p+0,0x1.2e8b93a836281p+0,0x1.22e8ba2e8ba2fp+3,NA,NA,0x1.29e3b1015a9a2p-6,0x1.29e3b1015a9a2p-6,accepted:0,accepted:0,NA,true,true,true,candidate_only
L1-D1.0,L1-MP-D1.0-REPLAY,35c44ca1df498ac517c3c9a9b8f691ee0ce8a4293f52b8a0262afce8438a62a3,MP-OP-02,L1-MP,safe_transactional,REFERENCE,2,EvaluateMaterial,directional,base_candidate,L1-MP-1.0:safe_transactional,37f65ae85dd1ec48679c1e1fe9a8bf96988be663498b99e37084cf48eb15f5b6,f885129dca0a3edbc8144499c1c0d07d7440c191f3ef4dfd9c6f3a552b122ba9,a76306a9f4e5c57659df452d23a66504eb26dccbe6b351390a61050242ed2b1f,0,0,f5045dd74424efe25edaaebfa84802eeba5e8ca376816835f58145764a2efc01,f5045dd74424efe25edaaebfa84802eeba5e8ca376816835f58145764a2efc01,b2b2bcdb5f0f82d28f933b8e3e70920be5ea26c6d03d916ee9e2b260bcbf7d20,NA,NA,0x1.eb851eb851eb8p-6,NA,NA,0x0.0p+0,0x0.0p+0,0x1.2e8ba2e8ba2e9p+0,0x1.22e8ba2e8ba2fp+3,NA,NA,0x1.29e4129e4129ep-6,0x1.29e4129e4129ep-6,accepted:0,accepted:0,NA,true,true,true,candidate_only
L1-D1.0,L1-MP-D1.0-REPLAY,35c44ca1df498ac517c3c9a9b8f691ee0ce8a4293f52b8a0262afce8438a62a3,MP-OP-02,L1-MP,safe_transactional,REFERENCE,3,EvaluateMaterial,directional,plus_candidate,L1-MP-1.0:safe_transactional,23b84122bd395e25fb9fc9ff5e6b8290b2b4d2ab7ff6bd2a986f75eee1c784dd,f885129dca0a3edbc8144499c1c0d07d7440c191f3ef4dfd9c6f3a552b122ba9,a76306a9f4e5c57659df452d23a66504eb26dccbe6b351390a61050242ed2b1f,0,0,f5045dd74424efe25edaaebfa84802eeba5e8ca376816835f58145764a2efc01,f5045dd74424efe25edaaebfa84802eeba5e8ca376816835f58145764a2efc01,0963790712259ad04014ccc5d9155c64ae3cf8d317be6e8246e3b6ffc9855beb,NA,NA,0x1.eb858a181c567p-6,NA,NA,0x0.0p+0,0x0.0p+0,0x1.2e8bb2293e34fp+0,0x1.22e8ba2e8ba2fp+3,NA,NA,0x1.29e4743b27b9ap-6,0x1.29e4743b27b9ap-6,accepted:0,accepted:0,NA,true,true,true,candidate_only
L1-D1.0,L1-MP-D1.0-REPLAY,35c44ca1df498ac517c3c9a9b8f691ee0ce8a4293f52b8a0262afce8438a62a3,MP-OP-02,L1-MP,safe_transactional,REFERENCE,4,RejectAttempt,directional,NA,L1-MP-1.0:safe_transactional,85c22f4452b41961ca6c71780a1c1aec6e1bf4744cf563ae31d0389377245d38,f885129dca0a3edbc8144499c1c0d07d7440c191f3ef4dfd9c6f3a552b122ba9,a76306a9f4e5c57659df452d23a66504eb26dccbe6b351390a61050242ed2b1f,0,0,f5045dd74424efe25edaaebfa84802eeba5e8ca376816835f58145764a2efc01,f5045dd74424efe25edaaebfa84802eeba5e8ca376816835f58145764a2efc01,NA,NA,NA,NA,NA,NA,0x0.0p+0,0x0.0p+0,NA,NA,NA,NA,NA,NA,NA,NA,NA,false,true,true,candidates_invalidated
